# Estimated CEFR levels — OURS, not a published wordlist.
#
# Produced 2026-07-26 by independent raters over the cards that carry no
# published level and sit at zipf >= 3.0. Calibrated first against 420 cards
# that DO carry one (six raters, blind): 38 % exact, 91 % within one step,
# 91 % on the 'core vocabulary or beyond' boundary — against 26 / 76 / 71 %
# for deriving the level from frequency, the rule `info/PLANS.md` pt.3
# measured and rejected.
#
# Read that shape before using this file. The exact step is weak and the
# raters lean about a third of a level EASY. What is strong is the one
# boundary an official list attests, and on the Goethe half of the sample
# the estimate never once called a word 'core' that the list placed above.
#
# Per-level precision on words absent from the Goethe list (n=235): a1 83 %,
# a2 73 %, b2 39 %, c2 36 %, c1 26 %, b1 13 %. `b1` is the dumping ground.
#
# Consumed by vocab/levels.py into `cards.level_est` — never into `level`,
# and never into `band`, which picks one of 15 hand-painted brushes.
#
# lemma	level	conf
08/15	b1	low
1,5-Grad-Ziel	b1	high
1-Euro-Münze	a2	high
1-Euro-Stück	a1	high
1-m-Brett	c2	low
10-jährig	a1	high
10-m-Brett	b1	low
100-Franken-Note	a2	medium
100-Meter-Lauf	a2	high
100-m-Lauf	a2	high
102-Jährige	a2	low
180-Grad-Drehung	b1	medium
2-Euro-Stück	a1	high
2-Zimmer-Wohnung	a2	high
24-Stunden-Rennen	a2	high
3-D-Drucker	b1	high
3-Zimmer-Wohnung	a1	high
35-Jähriger	a2	high
3D-Gestaltung	b2	low
3G-Regel	b2	low
40-Stunden-Woche	b1	high
400-Euro-Job	b2	low
5-Cent-Stück	a1	high
5-Minuten-Takt	b1	high
5-Zimmer-Wohnung	a2	high
50-Franken-Note	a2	high
59-Jähriger	a2	low
5G-Auktion	b2	high
6-Zimmer-Wohnung	a1	high
A-Auswahl	b2	low
A-Bombe	b1	high
A-Dur	c1	low
A-Jugend	c2	low
A-Jugendliche	c1	high
A-Klarinette	c2	low
A-Nationalmannschaft	b2	low
A-Probe	c2	medium
A-Saite	b1	medium
A-cappella-Band	b1	low
ABC-Buch	a1	high
ABC-Gefahr	c1	low
AIDS-Krise	b2	high
AU-Plakette	c2	low
Aa-Lava	c2	high
Aas	b1	low
Abbild	b2	high
Abc-Buch	a1	high
Abc-Schütze	b2	low
Abdeckung	b1	high
Abdruck	b1	high
Abend-Make-up	a2	low
Abendblatt	b1	high
Abendbrot	a1	high
Abendmahl	b1	low
Abendzeitung	a2	high
Abenteurer	a2	high
Aberglauben	b1	high
Abfluss	a2	high
Abgabe	b1	low
Abgang	b1	high
Abgeordnetenhaus	b2	high
Abgeordneter	b1	high
Abgleich	b2	low
Abhang	a2	high
Abholung	a2	high
Abhören	b1	high
Abkehr	c1	medium
Abkühlung	b2	high
Ablauf	b1	high
Ableben	c1	high
Ableitung	b2	high
Ablenkung	b1	high
Ablösung	b2	high
Abmachung	b1	high
Abnahme	b1	high
Abneigung	b1	high
Abpfiff	b1	low
Abrechnung	b1	high
Abreißen	b1	medium
Abriss	b2	high
Abruf	b2	high
Abrüstung	b1	high
Absage	b1	high
Abschaffung	b2	high
Abschaltung	b2	high
Abschaum	b1	low
Abscheu	b1	low
Abschlussarbeit	b1	high
Abschlussbericht	b1	high
Abschottung	b2	high
Abschrift	b2	high
Absehen	c1	low
Absenkung	b2	low
Absolvent	b1	high
Abspaltung	b2	low
Absperrung	b1	medium
Absprache	b1	high
Abstammung	b2	high
Abstand	a2	high
Abstieg	b2	low
Abstract	b2	high
Absurdum	c1	high
Abtei	b1	low
Abtransport	b2	low
Abtreibung	b2	high
Abtrennung	b2	high
Abwasser	b1	high
Abwechslung	b1	high
Abwehr	b1	high
Abwehrspieler	b1	high
Abwesenheit	b1	low
Abwicklung	b2	high
Abwägung	b2	high
Abzeichen	b1	high
Abzocke	b1	high
Access	b1	low
Account	a2	medium
Achse	b2	high
Achtel	a2	high
Achterbahn	a2	high
Achtsamkeit	b1	high
Acker	a2	high
Ackerbau	b1	high
Ackerland	b1	high
Action	b1	high
Addition	a2	high
Adel	b1	low
Adelige	b1	high
Ader	b1	high
Adipositas	c1	low
Adjektiv	b1	high
Adjutant	b2	high
Adler	a2	medium
Adlige	b2	high
Admin	a2	high
Administrator	b1	high
Admiral	b2	low
Advent	a2	high
Adventskalender	a2	high
Adventszeit	a2	high
Affe	a1	high
Affekt	b2	high
Affinität	c1	low
Affront	c1	low
Affäre	b1	high
Afro	b1	high
Afro-Perücke	b1	high
After-Show-Party	b1	high
After-Work-Party	b1	low
Agenda	b1	high
Agent	b1	high
Agentin	b1	low
Agentur	b1	high
Aggression	b1	high
Aggressivität	b1	high
Agrarpolitik	b2	high
Aha-Erlebnis	b1	low
Aids	b1	high
Akademie	b1	high
Akademiker	b1	high
Akkordeon	a2	high
Akne	a2	high
Akte	b1	high
Aktiengesellschaft	b2	high
Aktienmarkt	b1	low
Aktionär	b2	high
Aktiver	b1	low
Aktivismus	b1	low
Aktivist	b1	high
Akustik	b1	high
Alarmanlage	b1	low
Aleppo-Kiefer	c2	low
Algebra	b1	high
Alibi	b1	high
Alien	a2	high
Alien-Entführung	b2	low
Alleinerziehende	b1	high
Alleingang	b2	high
Allerlei	b2	low
Allgemeinbildung	b1	low
Allgemeinheit	b2	low
Allradantrieb	b1	low
Allrounder	b1	high
Almosen	c1	high
Alptraum	b1	high
Altbau	b1	medium
Altenpfleger	b1	low
Alternativer	b2	low
Altersarmut	b2	high
Altersgrenze	b1	high
Altersgruppe	a2	high
Altersklasse	b1	low
Altersversorgung	b1	high
Altersvorsorge	b2	high
Altlasten	b2	high
Alufolie	a1	high
Aluminium	a2	high
Amateur	b1	high
Ambiente	b1	high
Amerikaner	a1	high
Amerikanerin	a2	high
Amerikanisch	b1	low
Amoklauf	b2	low
Ampel-Aus	c1	low
Amtsblatt	c1	low
Amtsgericht	b2	low
Amtsinhaber	b1	high
Anbau	b1	low
Anbeginn	c1	high
Anbringung	b1	high
Andacht	b2	medium
Andersdenkende	b2	high
Android	b2	low
Anekdote	b1	high
Anfall	b1	low
Anfangsbuchstaben	a2	high
Anfangsphase	b1	low
Anfangszeit	a2	high
Anflug	b1	low
Anführungszeichen	a2	high
Angaben	a2	low
Angeben	b1	low
Angel	b1	high
Angeln	a2	high
Anger	c1	low
Angestellter	b1	high
Angewohnheit	b1	high
Angleichung	b2	high
Angreifer	b1	high
Angriff	b1	high
Anhalten	b1	low
Anhaltspunkt	b2	high
Anhang	b1	high
Anhieb	b1	high
Anhänger	b1	high
Anhörung	b2	high
Anime	a2	medium
Anklang	b2	high
Ankläger	b1	low
Ankündigung	b1	high
Anlass	b1	high
Anleger	b2	medium
Anlehnung	b2	medium
Anleihe	b2	high
Anliegen	b1	high
Anmerkung	b1	high
Anmut	c1	high
Anno	c2	low
Anomalie	b2	high
Anordnung	b2	high
Anpassung	b2	high
Anrecht	b1	low
Anregung	b2	low
Ansammlung	b1	low
Anschluss	b1	high
Anschlusstreffer	b2	medium
Anschreiben	b1	high
Anschrift	a2	high
Anschuldigung	b1	high
Ansicht	b1	high
Ansiedlung	b2	high
Ansinnen	c1	high
Ansporn	b1	low
Ansprache	b2	high
Anstand	b2	high
Ansteckung	b1	high
Anstellung	b1	high
Anstieg	b1	high
Anstiftung	c1	high
Anstoß	b1	high
Anstoßen	b2	medium
Anstrengung	b1	high
Anstrich	b1	high
Ansturm	b1	high
Anteil	b1	low
Anteilnahme	b2	low
Antenne	a2	high
Anthologie	b2	low
Anthropologie	c1	high
Anti-AKW-Demonstration	b2	low
Anti-Schuppen-Shampoo	a2	high
Antifa	c1	low
Antisemitismus	b2	high
Antlitz	c1	low
Antritt	b2	high
Anus	b1	high
Anwachsen	b2	high
Anwaltskanzlei	b1	low
Anweisung	b1	high
Anwendung	b1	high
Anwendungsbereich	b2	high
Anwesenheit	b1	high
Anwohner	b1	high
Anwältin	a2	high
Anwärter	b1	high
Anzeiger	b2	medium
Anziehung	b1	high
Anziehungskraft	b2	high
Anzünden	b1	low
Anästhesie	b2	medium
Apfelsaft	a1	high
Apokalypse	b2	low
Apotheker	a2	high
App	a1	high
Appartement	a2	high
Appell	b1	high
Approbation	c1	low
Aquarell	b1	high
Aquarium	a1	high
Ar	c2	high
Arabisch	a1	high
Arbeiterbewegung	b1	high
Arbeiterklasse	b2	high
Arbeiterschaft	b1	low
Arbeitsagentur	b1	high
Arbeitsalltag	b1	high
Arbeitsamt	a2	high
Arbeitsaufwand	b1	high
Arbeitsgericht	b2	high
Arbeitsgruppe	b1	high
Arbeitskreis	b1	high
Arbeitskräfte	b2	low
Arbeitslager	b1	high
Arbeitsleben	b1	high
Arbeitslose	b1	high
Arbeitslosengeld	b1	high
Arbeitsmarkt	b2	high
Arbeitsort	a2	high
Arbeitsrecht	b2	high
Arbeitsverhältnis	b1	high
Arbeitsweise	b1	high
Arbeitswelt	b2	high
Arbeitszeit	a2	high
Arbeitszimmer	a1	high
Arche	b2	low
Architekt	a2	high
Architektin	a2	high
Architekturbüro	b1	high
Archäologie	b1	high
Arena	b1	high
Argument	b1	high
Arie	b1	low
Arktis	a2	high
Armband	a2	high
Arme	b1	low
Armee	a2	high
Armee-Einheit	b2	high
Armer	b1	low
Armutsgrenze	b2	high
Armutszeugnis	c1	low
Arrangement	b1	medium
Array	c1	high
Arrest	b1	low
Arroganz	b1	high
Arschloch	b1	low
Arsenal	b2	high
Art	a2	high
Artenschutz	b2	high
Artenvielfalt	b2	high
Arthritis	b1	high
Arznei	b1	low
Arzneimittel	b1	high
As	b1	low
Asche	b1	high
Aschenbecher	a2	high
Aschermittwoch	b1	low
Asi	b1	low
Asphalt	a2	high
Ass	a2	high
Assessment-Center	b2	low
Assi	b1	high
Assimilation	b2	low
Assist	b1	high
Assistentin	a2	high
Assistenz	b1	high
Assoziation	b1	high
Ast	a2	high
Asthma	b1	low
Astronomie	b1	low
Asylantrag	b1	high
Asylbewerber	b1	high
Asylrecht	b1	high
Asylverfahren	b1	high
Atemnot	b1	low
Atemzug	b1	high
Atheist	b1	high
Athlet	a2	high
Atlantik	a2	low
Atlas	a2	high
Atom	a2	high
Atom-U-Boot	b1	medium
Atomausstieg	b1	high
Atombombe	b1	high
Atomenergie	b1	high
Atomkraftwerk	b1	low
Attentat	b2	high
Attentäter	b1	high
Attitüde	b2	low
Attraktivität	b1	high
Au-pair	a2	high
Aua	a1	high
Audienz	c1	low
Audio	a2	high
Audio-CD	a2	high
Aufarbeitung	b2	high
Aufbau	b1	high
Aufbereitung	c1	low
Aufbruch	b2	high
Aufenthalt	b1	high
Aufenthaltsort	b1	low
Auferstehung	b2	low
Aufforderung	b2	high
Aufgabenbereich	b1	low
Aufgang	b1	low
Aufkleber	a2	high
Aufklärer	c1	low
Auflistung	b1	high
Auflösung	b2	high
Aufprall	b1	high
Aufrechterhaltung	c1	high
Aufreger	b2	medium
Aufrichtigkeit	b1	high
Aufrüstung	b2	high
Aufsatz	b1	high
Aufschluß	c1	high
Aufschrei	b2	high
Aufschrift	b1	high
Aufseher	b1	high
Aufsicht	b1	high
Aufsichtsbehörde	b2	high
Aufsteiger	b1	low
Aufstockung	b2	high
Aufteilung	b1	high
Aufwand	b1	high
Aufzeichnung	b1	high
Aufzucht	b2	low
Augen-Make-up	a2	high
Augenhöhe	b2	low
Augenzeuge	b1	low
Augenzwinkern	b1	low
Auktionshaus	b1	high
Aura	b1	high
Ausarbeitung	b2	medium
Ausbeute	b2	high
Ausbeutung	b2	high
Ausbildungsberuf	b1	high
Ausbildungsplatz	b1	low
Ausbruch	b2	high
Ausdauer	b1	high
Ausdehnung	b2	high
Ausdrucksweise	b1	high
Ausfall	b1	high
Ausführung	b2	high
Ausgangspunkt	b2	medium
Ausgangssituation	b2	high
Ausgestaltung	b2	high
Ausgleich	b2	high
Aushängeschild	b2	high
Auslage	b1	high
Auslassen	b2	high
Auslaufen	b2	high
Auslegung	b2	low
Auslosung	b1	low
Ausländerbehörde	b2	low
Ausläufer	b2	high
Auslöser	b1	high
Ausprägung	c1	low
Auspuff	a2	high
Ausrede	b1	high
Ausreise	b1	low
Ausrichter	b1	low
Aussagekraft	b2	high
Ausschalten	a2	high
Ausschluss	b2	high
Ausschreibung	c1	low
Ausschuss	b2	high
Ausschüttung	b2	high
Aussetzung	b2	low
Aussichtsplattform	a2	high
Aussichtspunkt	a2	high
Ausspruch	b1	low
Aussteller	b1	medium
Aussterben	b2	high
Ausstieg	b2	high
Ausstrahlung	b2	low
Austragungsort	b1	high
Auswahlverfahren	b1	low
Auswanderer	b1	high
Ausweisung	b2	high
Ausweitung	b2	high
Auswirkung	b2	high
Auswärtige	b1	low
Auswärtssieg	b1	high
Auszeit	b1	high
Auszubildende	b1	high
Auszählung	b1	high
Authentizität	b2	low
Autismus	b1	high
Autobauer	b1	low
Autobiografie	b1	high
Autofahrt	a2	high
Autogramm	a2	high
Autohersteller	b1	low
Autoindustrie	b1	low
Automatik	b1	high
Automation	b1	high
Automotive	c1	low
Autopilot	a2	high
Autopsie	b1	low
Autoreifen	a1	high
Autorennen	a2	high
Autoverkehr	a2	high
Außenhandel	b1	high
Außenseite	a2	high
Außenseiter	b1	high
Außenspiegel	a2	high
Außentemperatur	a2	high
Außenwand	a2	high
Außenwelt	b1	low
Außer-Haus-Verkauf	b2	medium
Avatar	b1	low
Avocado	a1	high
B-Führerschein	a2	low
B-Zelle	c2	high
BBC-Dokumentation	b1	low
BWL-Student	b1	high
BWL-Studentin	b1	low
BWL-Studium	b1	low
Bach	a2	high
Bachelorarbeit	b1	high
Backe	a2	high
Backofen	a1	high
Badehose	a1	high
Badesee	a1	high
Badezimmer	a1	high
Badminton	a2	high
Bafög	b2	low
Bagger	a2	high
Bahnstrecke	a2	high
Bahnübergang	a2	high
Bai	b1	low
Balken	b1	high
Ballast	b1	low
Ballen	b1	high
Ballon	a2	high
Bambus	a2	high
Bande	b1	high
Banjo	b1	high
Banker	b1	high
Bankier	b2	high
Bankräuber	a2	high
Bann	b2	medium
Banner	a2	high
Barbarei	b2	low
Barkeeper	a2	high
Barmherzigkeit	c1	high
Barometer	b1	low
Barrel	b1	medium
Barriere	b1	high
Barrierefreiheit	b2	high
Baseball	a2	high
Baseballschläger	a2	low
Basilika	b1	high
Basis	b1	high
Basketball-WM	a2	high
Bassist	a2	high
Bastard	b1	medium
Bauabschnitt	b1	high
Bauarbeiter	a2	high
Baubeginn	b1	medium
Bauchschmerzen	a1	high
Bauform	b2	high
Baugewerbe	b2	high
Bauingenieur	b1	high
Baukosten	b1	high
Bauleiter	b2	high
Baumeister	b1	low
Baurecht	b2	high
Baureihe	b1	low
Baustein	b1	high
Bauteil	b1	high
Bauträger	b1	high
Bauunternehmer	b1	low
Bauvorhaben	b1	high
Baß	b1	low
Beamer	a2	high
Beanspruchung	b2	high
Beantwortung	b2	high
Bear	c1	low
Bearbeiter	b1	low
Beat	a2	high
Beauftragter	b1	low
Beauty	b1	low
Beauty-Doc	b2	low
Bebauung	b2	medium
Bebauungsplan	b2	high
Becher	a2	high
Becken	b1	high
Bedauern	b2	high
Bedrängnis	c1	high
Beeinflussung	b2	high
Beendigung	b2	high
Befall	b2	medium
Befehl	b1	high
Befinden	b2	medium
Befragte	b1	high
Befragung	b2	high
Befreiung	b2	high
Befriedigung	b2	high
Befürworter	b2	high
Begabung	b1	high
Begegnung	b1	high
Begehung	b2	low
Begierde	c1	high
Begleiter	b1	high
Begnadigung	b2	high
Begriff	b1	high
Begräbnis	b1	high
Begründer	b1	high
Beharren	b2	low
Behebung	b2	low
Behinderung	b1	low
Beifahrer	a2	high
Beifahrersitz	a2	high
Beigeschmack	b1	low
Beihilfe	b2	high
Beil	b1	low
Beileid	b1	high
Beirat	b2	high
Beisein	b2	low
Beistand	b1	high
Bekannter	a2	high
Bekanntgabe	b1	low
Bekanntheit	b1	low
Bekanntheitsgrad	b2	low
Bekanntmachung	b2	high
Bekanntschaft	b1	high
Bekenntnis	b2	low
Belagerung	b1	low
Belastbarkeit	b2	high
Belastung	b2	high
Belegschaft	b2	low
Belegung	b2	high
Belehrung	b1	low
Belieben	b2	low
Beliebtheit	b1	high
Bellen	a2	high
Belästigung	b2	high
Benachrichtigung	b1	high
Benefiz	b1	low
Benennung	b1	high
Bengel	b1	medium
Benutzung	b1	high
Benziner	b1	low
Beobachter	b1	high
Berater	b1	high
Beraterin	b1	high
Berechnung	b1	high
Bereicherung	b2	high
Bereitschaft	b1	high
Bereitstellung	b2	low
Berg-und-Tal-Bahn	a2	medium
Berge	a1	high
Bergmann	b1	low
Bergsteiger	b1	high
Bergung	b1	high
Berichterstatter	b1	high
Berliner	a2	high
Berufsausbildung	b1	high
Berufserfahrung	b1	high
Berufsfeuerwehr	b1	high
Berufsleben	b1	high
Berufstätigkeit	b1	high
Berufsverband	b1	low
Berufsverbot	b2	high
Beruhigung	b1	low
Berühmtheit	b1	high
Berührung	b1	low
Besatzung	b2	high
Beschilderung	b1	high
Beschlagnahme	b2	high
Beschluß	b2	high
Beschneidung	b2	high
Beschreibung	a2	high
Beschriftung	b1	high
Beschädigte	b1	high
Beschäftigte	b1	high
Beschützer	a2	high
Beseitigung	b2	high
Besetzung	b2	high
Besiedlung	b1	high
Besoldung	b2	low
Besonderes	a2	high
Besonderheit	b1	high
Besorgnis	b2	high
Bessere	b1	high
Best-of	b1	low
Bestand	b2	high
Bestandsaufnahme	b2	high
Bestatter	b1	high
Bestechung	b1	high
Besteck	a2	high
Bestenliste	b1	high
Bestes	b1	low
Bestie	b1	high
Bestleistung	b1	low
Bestrafung	b2	high
Bestrahlung	b2	high
Bestseller	b1	high
Bestzeit	b1	high
Beta-Version	b1	low
Bete	a2	high
Beteiligung	b2	low
Beton	b1	high
Betonung	b1	low
Betrachter	b1	high
Betragen	b2	low
Betreiber	b2	high
Betriebskosten	b1	high
Betriebssystem	b2	high
Betriebswirtschaft	b2	high
Betriebswirtschaftslehre	b1	high
Betroffene	b2	high
Betroffenheit	b2	high
Bettler	b1	high
Bettwäsche	a2	high
Betäubungsmittel	b1	high
Beule	a2	high
Beutel	a2	high
Bevormundung	b2	low
Bevölkerungsentwicklung	b1	high
Bevölkerungswachstum	b1	high
Bevölkerungszahl	b1	low
Bewaffnung	b2	medium
Bewahrung	b2	high
Bewegungsfreiheit	b2	low
Beweismittel	b2	high
Bewerber	b1	high
Bewerbungsgespräch	b1	high
Bewilligung	b2	low
Bewirtschaftung	b2	low
Bewunderung	b1	high
Bewährungsstrafe	b2	low
Bezahlung	b1	high
Bezieher	b1	high
Beziehungen	b1	high
Bezirksregierung	b2	medium
Bezug	b2	low
Bias	b2	high
Biathlon	a2	high
Biber	a2	high
Bibliothekar	a2	high
Biedermann	c1	high
Biene	a1	high
Biest	b1	high
Bike	a2	high
Bildchen	a1	high
Bildergalerie	a2	high
Bildhauer	b1	high
Bildmaterial	b1	high
Bildnis	c1	low
Bildungspolitik	b2	high
Bildungssystem	b1	high
Bildungswesen	b2	high
Billion	b1	low
Bim	b2	low
Bindegewebe	b1	low
Bindeglied	b1	high
Bindung	b1	high
Binnen-I	c1	low
Binnenmarkt	b2	high
Bio-Apfel	a1	high
Bio-Banane	a2	high
Bio-Brot	a2	high
Bio-Ei	a2	high
Bio-Fleisch	a2	high
Bio-Limonade	a2	high
Bio-Obst	a2	high
Bio-Produkt	b1	high
Bio-Tee	a2	high
Biographie	b1	high
Biologe	a2	high
Biomasse	b2	high
Birke	a2	high
Bis-Strich	c1	low
Bischof	b1	low
Bistro	a2	high
Bistum	b2	high
Bitcoin	b1	low
Blabla	a2	high
Blas	c2	low
Blasphemie	b2	low
Blaulicht	b1	high
Blech	a2	medium
Blei	b1	low
Blende	b2	medium
Blickkontakt	a2	high
Blickpunkt	b2	high
Blinde	a2	high
Blinder	a2	high
Blindheit	b1	low
Blinker	a2	low
Blitzer	a2	high
Blizzard	b1	low
Block	a2	high
Blockade	b1	high
Blog	a2	high
Blogger	a2	high
Blondine	a2	high
Blues	b1	high
Bluff	b1	low
Blumenstrauß	a1	high
Blumentopf	a1	high
Blunt	c1	low
Blutgefäße	b1	medium
Blutkörperchen	b2	high
Blütezeit	b2	medium
Boa	b1	low
Body	b1	low
Bollwerk	c1	high
Bolzen	b1	high
Bombardierung	b1	low
Bomber	b1	medium
Bon	a2	high
Bonbon	a1	high
Bonität	b2	high
Boom	b1	high
Boomer	b1	low
Bordell	b1	low
Borsten	b1	high
Bosheit	b2	high
Boss	a2	high
Bote	a2	high
Bourbon	b1	low
Boutique-Hotel	b1	low
Box	a1	high
Boxer	a2	high
Brand-Manager	b2	high
Brandanschlag	b1	high
Brandschutz	b2	high
Brauerei	a2	high
Braunkohle	b1	high
Braut	a2	high
Brautpaar	a2	high
Brei	a2	high
Brennholz	a2	high
Brennpunkt	b2	low
Brennstoff	b1	high
Brennweite	b2	low
Brettspiel	a2	high
Brexit-Deal	b2	low
Brexit-Verschiebung	b2	low
Brexit-Vertrag	b2	low
Briefwahl	b1	low
Brillant	b1	low
Brisanz	c1	low
Brite	a1	high
Broadway-Musical	b1	high
Brocken	b1	high
Broker	b1	medium
Bronzezeit	b1	high
Bruchteil	b1	high
Brunch	a2	high
Brustkrebs	b1	high
Brut	b1	low
Brutalität	b1	high
Bruttoinlandsprodukt	b2	high
Brüsseler	a2	low
Buchenwald	b1	low
Buchführung	b1	medium
Buchhalter	b1	high
Buchhaltung	b2	high
Buchmesse	a2	high
Buckel	b1	low
Buddhismus	b1	high
Bude	b1	high
Bug	c1	low
Bully	c2	low
Bundesgericht	b1	high
Bundesgesetz	b1	high
Bundeshaushalt	b2	high
Bundesland	a2	high
Bundesligist	b1	medium
Bundesminister	b2	high
Bundesregierung	b1	high
Bundesstaat	b1	high
Bundestagswahl	b1	high
Bundesversammlung	b2	low
Bunker	b1	high
Burma-Katze	a2	medium
Burn-out	b1	high
Busch	a2	high
Busen	b1	low
Business-Class	a2	high
Busineß	b1	low
Buslinie	a1	high
Butterfly	b1	low
Bäcker	a1	high
Bär	a1	high
Bäuerin	a2	high
Börde	c1	low
Böschung	b2	high
Bösewicht	b1	high
Bücherei	a2	high
Büffel	a2	high
Bürgerhaus	b1	low
Bürgerinitiative	b1	high
Bürgermeister	a2	high
Bürgerrecht	b2	low
Bürgerrechte	b1	high
Bürgerschaft	b2	high
Bürgerwehr	b2	high
Bürgschaft	b2	high
Büste	b1	high
Büßen	c1	high
C-Jugend	c2	low
C4-Pflanze	c2	high
CB-Funk	b2	high
CD-ROM-Laufwerk	a2	low
CD-Sammlung	a2	medium
CIA-Außenstelle	b2	low
CIA-Stützpunkt	b2	low
CO2-Angabe	b2	high
CO₂-Ausstoß	b2	high
CO₂-Belastung	b2	high
CO₂-Bilanz	b2	high
CO₂-Budget	b2	high
CO₂-Emission	b2	high
CO₂-Fußabdruck	b2	high
CO₂-Gehalt	b2	high
CO₂-Konzentration	b2	high
CO₂-Menge	b2	high
CO₂-Messgerät	b1	high
CO₂-Neutralität	b2	high
CO₂-Preis	b2	high
CO₂-Rechner	b1	high
CO₂-Reduktion	b2	high
CO₂-Reduzierung	b2	high
CO₂-Senke	b2	high
CO₂-Steuer	b1	high
CO₂-Wert	b2	low
CO₂-arm	b2	high
CO₂-intensiv	b2	high
CO₂-neutral	b2	high
Cache	b2	high
Café	a1	high
Call	b2	low
Call-by-Call	c2	low
Camp	a2	high
Camping	a1	high
Campus	b1	high
Cannabis	b1	high
Cape	a2	high
Cappuccino	a1	high
Care-Arbeit	b2	high
Casting	a2	high
Castor	c1	low
Catering	b1	low
Cello	a2	high
Cent	a1	high
Centre-Court	b2	low
Champagner	a2	high
Champion	b1	high
Chanson	b1	low
Charakterisierung	b1	low
Charisma	b1	high
Charleston	b1	high
Chart	b1	high
Charta	b2	high
Chassis	b1	high
Chat	a2	high
Chauffeur	b1	high
Check-in	a2	high
Check-in-Halle	b1	low
Cheerleader	b1	high
Cheeseburger	a1	high
Chefkoch	a2	high
Cheftrainer	b1	low
Chinese	a2	high
Chinesisch	a1	high
Chip	a2	high
Chips	a1	high
Chirurgie	b2	low
Chlor	a2	high
Choreographie	b1	low
Chorleiter	b1	high
Christ	a2	high
Christentum	b1	low
Christin	b1	high
Clash	b1	low
Client	b1	high
Clique	b1	low
Cloud	b1	high
Clown	a2	high
Club-Sandwich	a2	high
Co-Pilot	b1	high
Co-Trainer	b1	high
Co-Trainerin	b1	high
Cockpit	b1	low
Cocktail	a2	high
Code	b1	high
Cola	a1	high
Collage	b1	high
Colt	b1	low
Combo	b1	low
Comeback	b1	high
Comedian	b1	low
Comedy	a2	high
Community-Maske	b2	low
Computerspiel	a1	high
Connection	b1	high
Consulting	b2	low
Container	a2	high
Controller	b2	low
Controlling	c1	low
Cookie	b1	high
Copyright	b1	high
Cornflakes	a1	high
Corona	a1	high
Corona-Diktatur	b2	low
Corona-Drama	b1	high
Corona-Epidemie	a2	high
Corona-Fall	b1	low
Corona-Hotspot	b1	medium
Corona-Hysterie	b2	low
Corona-Katastrophe	b2	low
Corona-Krise	b1	high
Corona-Lage	b1	low
Corona-Maßnahme	b1	high
Corona-Mutation	b1	high
Corona-Pandemie	b1	high
Corona-Party	b1	low
Corona-Sünder	b1	low
Corona-Test	a2	high
Countdown	a2	high
Country	b1	high
Coup	b2	medium
Coupé	b1	low
Cover	b1	high
Covid-Zertifikat	b1	high
Crack	b1	high
Crash	b1	high
Crash-Diät	b1	high
Crash-Prophet	c1	medium
Crew	a2	high
Cross	b1	low
Cross-Trainer	b1	low
Cross-over	b1	high
Curry	a1	high
Currywurst	a2	high
Cutter	b2	low
D-Dur	c1	low
D-Mark	b1	high
DAX-Aktie	c1	low
DEA-Agent	c1	low
DIN-A4-Blatt	a2	high
DNA-Abschnitt	c1	low
DNA-Analyse	b2	high
DNA-Datenbank	b2	high
DNA-Impfstoff	b2	low
DNA-Treffer	b2	low
DNS-Analyse	b2	high
DVB-T-Receiver	a2	low
DVD-Player	a2	high
Dab	c2	low
Dachdecker	b1	low
Dachgeschoss	a2	high
Dachgeschoß	a2	high
Dachs	a2	high
Dachstuhl	b1	low
Dachterrasse	a2	high
Dackel	a2	high
Dada	c1	low
Damen-T-Shirt	a1	high
Dampfer	b1	high
Dankeschön	a1	high
Darknet	b1	high
Darlegung	c1	high
Dart	a2	high
Darts	a2	high
Dasein	b2	high
Data-Mining	b2	high
Datensatz	b2	high
Datenverarbeitung	b1	high
Datierung	b2	low
Dativ	b1	high
Daumen	a2	high
De-facto-Regime	c1	low
Deal	a2	high
Dealer	b1	high
Death-Metal-Band	a2	low
Deck	b1	high
Deckel	a2	high
Deckmantel	b2	high
Definition	b1	high
Defizit	b1	high
Deich	b1	low
Dekade	b1	high
Dekan	b1	medium
Dekanat	b1	low
Dekor	b1	low
Delegation	b1	high
Delegierte	b1	low
Delle	a2	medium
Delta-Variante	b1	high
Demo	b1	high
Demografie	b2	high
Demokrat	b1	high
Demontage	b2	low
Demut	b2	low
Demütigung	b1	high
Denke	b2	low
Denker	b1	low
Denkmalschutz	b1	high
Depot	b1	low
Des-Dur	c2	high
Desaster	b1	high
Desinteresse	b1	high
Desktop	a2	high
Dessous	b1	low
Deut	c2	low
Deutsch-Ukrainer	b1	medium
Deutsche	a1	high
Deutschland-Fan	a2	high
Deutschlehrer	a1	high
Deutschunterricht	a2	high
Deutung	b2	high
Devisen	b2	high
Diabetes	b1	high
Diabetes-Erkrankung	b1	high
Diakon	b2	high
Diakonie	c1	low
Diamant	a2	high
Dichte	b2	high
Dichter	b1	high
Dichterin	b1	high
Dichtung	b2	high
Dicke	a2	high
Dicker	b1	low
Didaktik	c1	low
Die	c2	low
Diener	b1	low
Dienstleister	b2	high
Dienstreise	b1	high
Dienstwagen	b1	low
Dienstzeit	b1	high
Dieselmotor	a2	high
Diesseits	c1	medium
Differenz	b1	high
Differenzen	b1	high
Digga	b1	low
Digitalisierung	b2	high
Dildo	b1	low
Dinner	a2	high
Dinosaurier	a1	high
Direktion	b1	high
Direktorin	a2	high
Dirk	c2	low
Dirndl-Koalition	c2	low
Disc	a2	high
Disco	a1	high
Disco-Formation	b1	high
Discount	a2	high
Diskurs	c1	high
Diskus	b1	low
Distanzierung	b2	high
Distrikt	b1	high
Disziplin	b1	high
Diva	b1	low
Diversität	b1	high
Division	b2	low
Diäten	b2	high
Diözese	c1	low
Doc	b1	medium
Dogma	b2	high
Doktorarbeit	b1	high
Doktortitel	b1	medium
Doku	a2	high
Dokumentarfilm	a2	high
Dokumentation	b1	medium
Dokumenten-Recherche	b2	high
Dollar	a1	high
Dolle	c2	low
Dolmetscher	b1	high
Dominante	c1	low
Dominanz	b2	low
Domino-Effekt	b2	high
Domäne	b1	low
Donau-Ufer	a2	high
Dope	b1	high
Doppelte	b1	low
Dorfbewohner	a2	high
Dorfplatz	a2	high
Dorfstraße	a1	high
Dorn	a2	high
Dosis	b1	high
Dossier	b2	high
Double	b2	low
Down-Syndrom	b1	medium
Download	a2	high
Downtown	b1	medium
Dozentin	b1	low
Draht	a2	high
Drama	b1	high
Dramatik	b2	low
Dramatiker	b1	high
Drecksau	b1	high
Drehbuchautor	b1	low
Drehmoment	c1	high
Drehort	b1	high
Drehscheibe	b2	high
Drehzahl	b2	high
Drei-Schicht-System	b2	low
Drei-Schichten-Architektur	c2	high
Drei-Stopp-Strategie	c2	high
Dreieck	a1	high
Dreier-Koalition	b2	low
Dressing	a2	high
Drift	b2	high
Drive-by-Shooting	b2	high
Drive-in-Lokal	a2	high
Driver	b1	high
Drogendealer	b1	high
Drohung	b1	high
Drop-down-Menü	b1	high
Drops	a2	low
Druckerei	b1	medium
Drucksache	b1	high
Drücker	b1	low
Dschihad	b2	low
Dubai-Schokolade	c2	low
Duell	b1	low
Duett	b1	low
Duft	a2	high
Duldung	b2	medium
Dumme	b1	low
Dummer	a2	high
Dummheit	b1	high
Dunkelziffer	b2	high
Duo	a2	high
Durchblick	b1	low
Durchbruch	b2	medium
Durchführung	b2	high
Durchkommen	b1	high
Durchreise	b1	high
Durchschnittsalter	b1	high
Duzen	b1	high
Dynamik	b2	high
Dynamo	b1	medium
Dynastie	b2	low
Dämmerung	b1	high
Dämmung	b2	high
Dämon	b1	high
Dämpfung	b2	medium
Däne	a2	low
Dänisch	a1	high
Döner	a1	high
Dünger	b1	high
Düse	b2	low
E-Book-Reader	a2	low
E-Bus	b1	high
E-Dur	c2	high
E-Gitarre	a2	high
E-Kultur	c1	low
E-Learning	b1	high
E-Mail-Adresse	a2	high
E-Mail-Kommunikation	b1	high
E-Mail-Programm	a2	high
E-Mail-Signatur	b1	high
E-Maschine	b2	low
E-Mobilität	b2	high
E-Motor	b1	high
E-Rezept	b2	medium
E-Sport	b1	high
E-Sprit	c1	low
E-Zigarette	a2	high
EDV-Programm	b2	low
EDV-gestützt	b2	low
EU-Abgeordnete	b1	high
EU-Austritt	b1	high
EU-Beschluss	b2	high
EU-Bürger	b1	high
EU-Gesetz	b2	high
EU-Kommission	b2	high
EU-Kritiker	b2	high
EU-Land	b1	high
EU-Mitgliedschaft	b2	high
EU-weit	b2	high
EWR-weit	c1	low
Ebbe	b1	medium
Ebene	b2	high
Echo	b1	high
Echtheit	b2	high
Echtzeit	b1	high
Economy-Class	b1	high
Ecstasy	b1	low
Edelmetall	b1	high
Edelstein	a2	high
Edelweiß	b1	high
Edition	b1	high
Editor	b1	low
Effizienz	b2	high
Ego	b1	high
Ego-Googeln	b1	high
Ego-Shooter	b1	high
Ehebruch	b1	high
Ehegatten	b1	low
Eheleute	b1	high
Ehepartner	b1	high
Eheschließung	b1	medium
Ehre	b2	medium
Ehrenamt	b1	high
Ehrenamtliche	b1	low
Ehrenbürger	b1	high
Ehrenmann	c1	high
Ehrenmitglied	b1	low
Ehrgeiz	b1	high
Ehrlichkeit	b1	high
Ehrung	b1	high
Eiche	a2	high
Eichel	b1	low
Eid	b1	high
Eifer	b2	low
Eifersucht	b1	high
Eigenart	b1	high
Eigenbedarf	b2	high
Eigenheim	b1	low
Eigentor	b1	high
Eigentum	b1	high
Eigentümer	b1	high
Eignung	b1	low
Eimer	a2	high
Ein-Kind-Politik	b2	high
Ein-Stopp-Strategie	c1	low
Einbau	b1	high
Einberufung	b2	high
Einbeziehung	b2	high
Eindämmung	b2	low
Einer	b1	low
Einfachheit	b1	high
Einfamilienhaus	a2	high
Einflussnahme	c1	high
Einfuhr	b1	high
Eingabe	b1	low
Eingangshalle	a2	high
Eingangstür	a1	high
Eingeständnis	b2	low
Eingeweide	b1	high
Eingliederung	b2	high
Eingriff	b2	high
Einhalt	c1	high
Einhalten	b2	medium
Einheimische	b1	high
Einheimischer	b1	high
Einheit	b2	low
Einigkeit	b1	high
Einkommensteuer	b1	high
Einkünfte	b2	high
Einlauf	b1	high
Einmischung	b2	high
Einnahmen	b1	high
Einnahmequelle	b1	low
Einreichung	b1	high
Eins	a1	high
Einsatz	b1	high
Einsatzort	b1	high
Einschlag	b2	high
Einschnitt	b2	medium
Einschätzung	b2	high
Einschüchterung	b1	high
Einsicht	b2	high
Einsiedler	b1	low
Einspruch	b2	high
Einstand	b2	medium
Einsteiger	a2	high
Einstellung	b1	high
Einstufung	b2	high
Einsturz	b1	high
Eintopf	a2	high
Eintracht	b2	low
Eintragung	b1	low
Eintreffen	b1	low
Einverständnis	b1	high
Einwanderer	b1	high
Einweisung	b2	high
Einwirkung	b2	low
Einwohnerzahl	b1	low
Einwurf	b1	high
Einzelhandel	b1	high
Einzelhändler	b1	high
Einzelner	b2	medium
Eishockey-WM	a2	high
Eiswürfel	a2	high
Eiweiß	b1	high
Ekel	b1	high
Elan	b2	medium
Elefant	a1	high
Eleganz	b1	low
Elektrifizierung	b1	high
Elektrik	b1	medium
Elektrische	b2	low
Elektromobilität	b2	high
Elektroniker	b1	medium
Elektrotechnik	c1	high
Elf	a2	low
Elfmeter	b1	low
Elfmeterschießen	a2	high
Elite	b1	high
Ellbogen	a2	high
Elterngeld	b1	low
Elternteil	b1	high
Elternzeit	b1	high
Embryo	b1	low
Emigration	b1	low
Empathie	b2	high
Empfang	b1	high
Empfindlichkeit	b1	high
Empfindung	b2	high
Empörung	b2	high
Endeffekt	b1	high
Endphase	b1	low
Endprodukt	b1	low
Endrunde	b1	high
Endspurt	b1	high
Endstand	b1	high
Endstation	a2	high
Endverbraucher	b2	high
Endzeit	b2	medium
Energiegewinnung	b2	high
Energiekosten	b1	high
Energieträger	b2	low
Energieverbrauch	b1	high
Energieversorgung	b1	high
Engel	a2	high
Engländer	a2	high
Enkelkinder	a1	high
Ensemble	b2	low
Entdecker	a2	high
Ente	a2	low
Enteignung	c1	high
Entertainer	b1	low
Entertainment	b1	low
Entfaltung	b2	high
Entführer	b1	high
Entgelt	b2	high
Enthusiasmus	b1	high
Enthüllung	b1	high
Entlohnung	b2	low
Entrüstung	b2	high
Entscheidungsfindung	b1	high
Entscheidungsträger	b2	high
Entschlossenheit	b2	low
Entschluss	b1	high
Entsendung	b2	low
Entsetzen	b1	low
Entspannung	b1	high
Entstehungsgeschichte	b1	low
Entwarnung	b2	high
Entwicklungsgeschichte	b2	medium
Entwicklungsländer	b1	high
Entzug	b2	low
Enzym	c1	high
Equipment	b1	low
Erachten	b2	low
Erarbeitung	b2	high
Erbrechen	b1	high
Erbrecht	c1	high
Erbschaft	b1	high
Erdboden	a2	high
Erderwärmung	b1	high
Erdkunde	a2	high
Erdoberfläche	b1	high
Erdreich	b1	low
Erdöl	b1	high
Erfahrungsaustausch	b1	high
Erfahrungsbericht	b1	high
Erfahrungswerte	b2	low
Erfassen	b2	low
Erfassung	b2	high
Erfinder	a2	high
Erforschung	b2	high
Ergehen	c1	low
Ergänzung	b1	low
Erhitzen	b1	low
Erinnerungen	a2	high
Erkennung	b2	high
Erkrankung	b1	high
Erkundung	b1	high
Erlangung	b2	high
Erlass	b2	low
Erlegen	c1	high
Erleuchtung	b2	high
Erläuterung	b2	high
Erlös	b1	high
Erlöser	c1	low
Erlösung	b2	high
Ermessen	b2	low
Ermittlungsverfahren	b2	high
Ermächtigung	c1	low
Ernennung	b2	low
Erneuerung	b1	low
Ernst	b1	high
Ernsthaftigkeit	b2	high
Ernte	a2	high
Ernüchterung	b2	high
Erotik	b2	low
Erpresser	b1	high
Erpressung	b2	high
Erreichbarkeit	b2	low
Errungenschaft	b2	low
Ersatz	b1	high
Erscheinung	b2	high
Erscheinungsbild	b2	high
Erschließen	b2	low
Erschöpfung	b1	high
Erstaunen	b1	high
Erste-Hilfe-Kasten	a2	high
Erste-Hilfe-Kurs	a2	high
Erste-Hilfe-Leistung	a2	low
Erste-Hilfe-Maßnahme	b1	low
Erste-Reihe-Stürmer	c2	low
Erstellung	b2	high
Erster-Klasse-Wagen	a2	high
Ersuchen	c1	low
Erteilung	b2	low
Ertrag	b1	high
Erwachen	b2	medium
Erwartungshaltung	b2	low
Erwerb	b2	low
Erwägung	c1	high
Erwärmen	b1	low
Erwärmung	b1	high
Erz	b1	high
Erzeuger	b2	high
Erzieher	b1	high
Erzieherin	b1	high
Erzähler	b1	high
Erzählerin	a2	high
Erzählung	b1	high
Eröffnung	b1	high
Eröffnungsfeier	b1	high
Erörterung	b2	high
Esche	b1	medium
Esoterik	b2	high
Espresso	a1	high
Esprit	c1	high
Essay	b1	high
Etablierung	b2	medium
Ethanol	b2	high
Ethernet	c1	low
Etikett	a2	high
Etikette	b1	high
Etymologie	c1	high
Eulen	a2	high
Eurokrise	b1	high
Eurozone	b2	high
Euthanasie	b2	high
Evaluation	b2	high
Evangelium	b2	high
Event	b1	low
Ewigkeit	b1	high
Ex	b1	medium
Ex-Anwalt	b1	high
Ex-Anwältin	b1	low
Ex-Diplomat	b1	low
Ex-Junkie	b1	low
Ex-Präsident	b1	high
Ex-Sheriff	b1	low
Ex-Soldat	b1	medium
Ex-und-hopp-Flasche	b2	low
Exempel	c1	low
Exemplar	b1	low
Exil	b2	low
Exklave	c1	low
Exkursion	b1	high
Expansion	b2	high
Expedition	b1	low
Expertin	a2	high
Explosion	a2	high
Expo	b1	high
Exposition	c1	low
Express	b1	high
Expression	c1	low
Extension	b2	high
Externe	b2	low
Extrakt	b2	high
Eßzimmer	a1	high
F-Jugend	c2	high
F-Schlüssel	c1	low
Fabel	b1	medium
Facebook-Seite	b1	high
Facelift	b1	high
Facharzt	b1	low
Fachgebiet	b1	high
Fachkraft	b1	high
Fachkräfte	b2	high
Fachkräftemangel	b2	high
Fachliteratur	b1	high
Fachrichtung	b1	high
Fachwerk	b1	high
Fackel	a2	high
Faden	a2	high
Fahne	a2	high
Fahrerflucht	b1	low
Fahrerin	a1	high
Fahrerlaubnis	b1	low
Fahrgast	b1	high
Fahrlässigkeit	c1	low
Fahrradfahren	a2	high
Fahrschule	a2	high
Fahrstreifen	b1	high
Fahrstuhl	a1	high
Fahrtrichtung	a2	high
Fahrverbot	b1	high
Fahrweise	b1	low
Fahrwerk	b2	medium
Fairness	b1	high
Fairneß	b1	low
Fake	b1	high
Fall-out	c1	low
Falle	a2	high
Fallschirm	a2	high
Falscher	b1	low
Falschparker	b1	low
Falter	b1	low
Familienangehörige	a2	low
Familiengeschichte	a2	high
Familienleben	a2	high
Familienmitglied	a2	high
Familienpolitik	b1	high
Familienunternehmen	b1	high
Fanatismus	b1	high
Fang	b1	high
Farbstoff	b1	high
Farce	b2	low
Farm	a2	high
Faschismus	b2	high
Fassade	b1	high
Fassung	b2	low
Fassungsvermögen	b2	high
Fast-Food-Kette	a2	high
Fast-Food-Verpackung	b1	low
Fasten	b1	low
Fastenzeit	b1	high
Fastnacht	b1	high
Faszination	b1	high
Faulheit	b1	high
Fauna	b2	high
Favorit	b1	high
Fazit	b2	high
Feder	a2	high
Federführung	c1	high
Fehde	c1	high
Fehlermeldung	a2	high
Fehlverhalten	b2	high
Feigheit	b1	high
Feilen	b2	low
Feindbild	b2	high
Feindschaft	b1	low
Feine	c1	low
Feldherr	b2	low
Feldweg	b1	high
Feldzug	b2	high
Fell	a2	high
Fels	a2	high
Ferienhaus	a2	high
Fernbus	a2	high
Ferne	b1	low
Fernseh-Team	b1	low
Fernsehturm	a2	high
Fernwärme	b1	high
Ferse	a2	high
Fertigstellung	b2	low
Fesseln	b2	low
Festakt	b2	high
Festigkeit	b1	high
Festsaal	b1	high
Festschrift	c1	low
Festung	b1	high
Fetisch	c1	low
Feuchtigkeit	b1	high
Feuer-Lilie	c1	low
Feuerlöscher	a2	high
Feuerwache	a2	high
Feuerwehrmann	a1	high
Fiasko	b1	low
Ficken	b1	medium
Fidel	c2	low
Fiesta	b1	high
Fiktion	b1	low
Filmfestival	a2	high
Filmmusik	a2	high
Filmstar	a2	high
Filter	a2	high
Finanzamt	b1	high
Finanzen	b1	high
Finanzkrise	b1	high
Finanzpolitik	b2	high
Finder	a2	low
Fingerabdruck	a2	high
Fingerabdrücke	b1	low
Fingerspitzengefühl	b2	high
Finnisch	a2	high
Finsternis	b2	high
Firmensitz	b1	high
Firmware	b1	high
First-Level-Support	b2	low
Fischen	a2	high
Fischerei	b1	high
Fitness-Programm	a2	high
Fitnessstudio	a2	high
Fixierung	b2	low
Flagge	a2	high
Flaggschiff	b2	high
Flair	b2	medium
Flamenco	a2	high
Flanke	b1	high
Flat	b1	high
Flatrate	a2	high
Fledermaus	a2	high
Fleiß	b1	high
Flexibilität	b1	high
Fliege	a1	high
Flieger	a2	high
Fliesen	a2	high
Fließband	b1	low
Flinte	b1	high
Flip-Flop	a1	high
Flirt	a2	low
Flitterwochen	a2	high
Floh	a2	high
Flor	c1	low
Flora	b2	low
Flotte	b1	high
Floß	a2	high
Flugblatt	b1	high
Fluglärm	b1	high
Flugzeugabsturz	b1	low
Flut	b1	high
Flyer	a2	high
Fläschchen	a2	high
Flüchtige	b1	low
Flüchtling	b1	high
Flüchtlingsheim	b1	high
Flüchtlingslager	b1	high
Focus-Visual	c2	low
Fohlen	a2	medium
Fokus	b1	high
Folgekosten	b2	high
Folie	a2	high
Follower	a2	high
Folter	b2	high
Format	b1	high
Formation	b2	low
Forschungsarbeit	b1	high
Forschungsinstitut	b1	low
Forschungsprojekt	b1	high
Forschungszentrum	a2	high
Fort	b2	low
Fortbestand	b2	high
Fortbewegung	b1	medium
Fortgeschrittene	b1	low
Fortpflanzung	b2	medium
Fotoshooting	a2	high
Foul	a2	high
Foundation	b1	low
Foyer	b1	low
Fracht	b1	low
Frachter	b1	high
Frachtschiff	a2	low
Frack	b1	high
Fragestellung	b2	high
Fragment	b1	high
Fraktionsvorsitzende	b2	low
Fraktionsvorsitzender	b2	high
Fraktur	b2	high
Franc	b1	high
Franzose	a1	high
Französin	a1	high
Französisch	a1	high
Frauchen	a2	high
Frauenanteil	b2	low
Frauenfußball	a1	high
Frauenquote	b1	high
Frechheit	b1	high
Free-TV	b2	medium
Fregatte	b2	low
Freibad	a2	high
Freibetrag	c1	high
Freibier	a2	high
Freiheitskämpfer	b1	high
Freiheitsstrafe	b2	high
Freilassung	b1	low
Freilichtmuseum	b1	high
Freisetzung	b2	low
Freistellung	b2	high
Freitagabend	a2	high
Freiwilliger	b1	high
Freiwilligkeit	c1	high
Freizeitpark	a2	high
Fremdenfeindlichkeit	b2	high
Fremder	b1	high
Fremdkörper	b2	high
Fresse	b1	low
Freundeskreis	a2	high
Freundlichkeit	b1	high
Freundschaftsspiel	b1	low
Frieden	a2	high
Friedensnobelpreis	b1	high
Friedhof	a2	high
Frommer	b1	high
Front	b1	high
Frosch	a2	high
Fruchtbarkeit	b1	low
Fränkisch	a2	low
Fräulein	b1	high
Frömmigkeit	b2	medium
Frühe	b2	medium
Fuge	b2	medium
Fuhrpark	b2	medium
Full-time-Job	b1	low
Fun	b1	high
Fundament	b1	high
Fundort	b2	high
Funken	b1	high
Funktionsweise	b1	high
Funktionär	b1	low
Futsal	c1	low
Futter	a2	high
Future	c2	medium
Fußball-Lehrer	c1	low
Fußball-WM	a2	high
Fußballer	a1	high
Fußballfan	a1	high
Fußballplatz	a1	high
Fußballspiel	a1	high
Fußballstadion	a1	high
Fußballverein	b1	high
Fußboden	a1	high
Fußnote	b1	high
Fußstapfen	b1	low
Fußweg	a2	high
Fächer	b1	low
Fächer-Ahorn	c2	high
Föderalismus	b2	high
Föhn	b1	low
Förderer	b1	high
Förderprogramm	b1	low
Förderverein	b1	high
Förster	b1	high
Fühlen	b1	low
Führender	b1	high
Führer	b1	medium
Führungsriege	b2	high
Fülle	b2	low
Füllen	b2	low
Füllung	b1	high
Fünf-Euro-Münze	a2	high
Fünf-Euro-Schein	a1	high
Fünf-Prozent-Hürde	c1	high
Fünftel	b1	low
Fünfzig-Euro-Schein	a2	high
Fünfziger	b1	low
Fürsprecher	b2	high
Fürst	b2	low
G-Jugend	c2	high
G-Punkt	c1	low
Gabe	b1	low
Gala	b1	high
Gala-Uniform	b2	low
Galaxis	b1	high
Galgen	b2	high
Galle	b1	low
Gallier	c1	low
Gamer	a2	high
Gaming	a2	low
Gaming-PC	a2	high
Gans	a2	high
Ganze	b1	low
Garn	a2	high
Garnison	b2	low
Gartenbau	b1	high
Gartenhaus	a2	high
Gastfreundschaft	b1	low
Gastgeberin	a2	low
Gasthof	b1	high
Gastronomie	b1	medium
Gattin	b2	high
Gaumen	b1	high
Gaza-Konflikt	b1	medium
Geber	b1	medium
Gebet	b1	high
Gebildeter	b1	low
Geborgenheit	b1	high
Gebot	b2	high
Gebrauch	b1	high
Gebrauchtwagen	a2	high
Geburtsstadt	a2	high
Geburtstagsfeier	a1	high
Geburtstagskind	a1	high
Geburtsurkunde	b1	low
Gebärdensprache	b1	low
Gebüsch	a2	high
Gedankengang	b1	high
Gedankengut	c1	high
Gedankenwelt	b2	high
Gedenktag	b1	high
Gedränge	b1	low
Gefallene	b1	high
Gefangener	b1	high
Gefecht	b2	medium
Gefolge	c1	low
Gefolgschaft	b2	high
Gefährtin	b1	high
Gegenpol	b1	low
Gegenrichtung	b1	low
Gegenseite	b1	high
Gegenspieler	b1	high
Gegenstück	b2	low
Gegentor	b1	low
Gegenwehr	b1	low
Gegenwind	b1	low
Gegenzug	b2	low
Geheimdienst	b1	high
Geheimhaltung	b2	low
Gehirnerschütterung	b1	high
Gehirnwäsche	b1	high
Gehorsam	b2	high
Gehweg	a2	high
Gehäuse	b2	low
Geiger	b1	low
Geistlicher	b1	low
Geiz	b1	high
Gel	a2	high
Gelaber	b1	low
Gelassenheit	b1	high
Gelatine	b1	low
Geldgeber	b1	low
Geldwäsche	b2	high
Gelehrte	b2	high
Geliebte	b1	high
Geliebter	b1	medium
Geltung	b2	low
Geltungsbereich	b2	high
Geländewagen	a2	high
Gelübde	c1	high
Gemach	c2	low
Gemahlin	c1	high
Gemeindehaus	b1	low
Gemeinderat	b1	medium
Gemeindevertretung	b2	high
Gemeindeverwaltung	b2	high
Gemeindezentrum	b1	low
Gemeinwesen	c1	high
Gemeinwohl	b2	high
Gemeinwohl-Ökonomie	c1	high
Gemisch	b1	high
Gemüt	c1	low
Gen	b1	low
Gen-Cluster	c1	low
Genauigkeit	b1	low
Gender-Gap	b2	low
Gender-Gegner	b2	high
Gender-Ideologie	b2	low
Gender-Pay-Gap	b2	high
Generalprobe	b1	low
Generalsekretärin	b1	high
Generalstaatsanwalt	b2	high
Generalversammlung	b1	high
Genick	b1	low
Genie	b1	high
Genießen	b1	low
Genitalien	b1	high
Genom	b2	low
Genosse	b1	low
Genossenschaft	b2	high
Genozid	b2	high
Gentrifizierung	b2	high
Genugtuung	c1	high
Genuss	b2	medium
Geographie	a2	high
Gerichtshof	b1	high
Gerichtsverfahren	b2	high
Gerichtsverhandlung	b1	low
Gerichtsvollzieher	c1	low
Gerücht	b1	high
Gerüst	b1	high
Ges-Dur	c1	low
Gesamtausgabe	b1	high
Gesamtbevölkerung	b2	low
Gesamteindruck	b1	high
Gesamtfläche	b1	low
Gesamtheit	b2	high
Gesamtlänge	b1	high
Gesamtsumme	b1	high
Gesamtwert	b1	high
Gesamtwertung	b1	medium
Gesandter	b2	low
Geschichtsschreibung	b2	high
Geschichtsunterricht	a2	high
Geschichtswissenschaft	b2	high
Geschick	b2	medium
Geschicklichkeit	b1	high
Geschirrspüler	a1	high
Geschlechtsverkehr	b1	low
Geschlossenheit	b2	high
Geschoss	b1	high
Geschrei	b1	low
Geschäftsbereich	b1	low
Geschäftsidee	b1	high
Geschäftsjahr	b2	medium
Geschäftsmodell	b1	high
Geschäftspartner	a2	high
Geschäftsstelle	b1	low
Geschütz	b1	low
Geselle	b1	high
Geselligkeit	b1	high
Gesellschaftskritik	b2	high
Gesellschaftsordnung	b2	high
Gesetzentwurf	b2	high
Gesichtsausdruck	b1	high
Gesichtspunkt	b1	high
Gesindel	c1	low
Gesinnung	b2	high
Gespenst	a2	high
Gespür	b1	high
Gestalter	b1	low
Geste	b1	high
Gestell	a2	medium
Geständnis	b1	high
Gesundheitsamt	b1	high
Gesundheitsministerium	b1	high
Gesundheitssystem	b2	high
Gesundheitswesen	b2	medium
Gesundheitszustand	b1	high
Get-together	b2	high
Getriebe	b2	low
Gewaltanwendung	b1	high
Gewalttäter	b1	high
Gewebe	b1	high
Gewehr	a2	medium
Gewerbe	b2	high
Gewerbegebiet	b1	medium
Gewerbesteuer	b2	high
Gewichtsklasse	b1	high
Gewinde	c1	low
Gewinnspiel	b1	high
Gewinnung	b2	low
Gewißheit	b1	high
Gewährleistung	b2	high
Gewässer	b1	low
Gewölbe	b2	low
Gewürze	a1	high
Ghetto	b2	low
Ghetto-Faust	b1	low
Giebel	b1	high
Gier	b1	high
Gigabyte	a2	low
Gilde	b2	low
Ginger	b1	low
Gipfel	b1	high
Gipfeltreffen	b1	high
Gitarrist	a2	high
Gitter	a2	high
Glamour	b1	high
Glaube	b1	low
Glaubwürdigkeit	b2	high
Gleichgesinnte	b1	low
Gleichgewicht	b1	high
Gleichnis	c1	high
Gleichsetzung	b2	low
Gleichung	b1	low
Gleiten	b2	low
Glied	b1	low
Gliederung	b2	high
Gliedmaßen	b1	low
Globalisierung	b2	high
Glotze	a2	high
Glucose	b1	low
Gluten	b1	low
Gläschen	a2	high
Gläubiger	c1	low
Glücklicher	b1	low
Glücksfall	b1	low
Glücksspiel	b1	high
Glühwein	a2	high
Go-go-Boy	c1	low
Go-go-Girl	c1	low
Go-in	c1	low
Go-live	c1	high
Go-slow	c1	low
Goldpreis	b1	high
Golem	c2	low
Golfplatz	b1	high
Gondel	b1	low
Gore	c1	low
Gospel	b1	low
Gossip	b1	high
Gottesdienst	b1	low
Gotteshaus	b1	high
Gottheit	b2	low
Grabstein	b1	high
Graffiti	b1	high
Graffiti-Künstler	a2	high
Grafikkarte	b1	low
Grammatik	a2	high
Granate	b1	high
Grauen	c1	low
Grausamkeit	b1	high
Gravitation	b1	medium
Gray	c2	low
Green	c1	low
Green-Keeper	c2	low
Greif	c2	low
Grenzgebiet	b1	high
Grenzschutz	b1	low
Grenzübergang	b1	high
Grieche	a1	high
Griff	a2	high
Grillen	a1	high
Grippe-Epidemie	b1	low
Groll	b2	high
Gros	b2	high
Groschen	b1	low
Groteske	c1	low
Grotte	b1	high
Großbrand	a2	high
Großhändler	b1	high
Großmeister	b1	low
Großstadt	a2	high
Großzügigkeit	b1	high
Grube	b1	low
Grundbesitzer	b1	high
Grundbuch	c1	low
Grundeinkommen	b2	high
Grundfläche	b2	low
Grundhaltung	b2	high
Grundkurs	a2	high
Grundlagenforschung	b2	high
Grundrecht	b1	high
Grundriss	b1	high
Grundschüler	a1	high
Grundstein	b1	high
Grundstimmung	b2	medium
Grundstock	b2	high
Grundvoraussetzung	b1	high
Grundwasser	b1	high
Gruppenphase	b1	high
Gruppenspiel	a2	high
Gruppierung	b2	low
Grußwort	b1	high
Größenordnung	c1	high
Grübeln	b2	low
Grüne	b1	low
Grüner	b1	low
Grünkohl	a2	high
Grünland	b1	high
Gummibärchen	a1	high
Gunst	b2	medium
Guru	b1	high
Gusto	b2	low
Gutachter	b2	high
Gute	b2	high
Guter	b1	low
Guthaben	b1	high
Gutscheincode	b1	low
Guß	b1	low
Gynäkologie	b1	high
Gänsehaut	b1	high
Gärtner	a2	high
Gärtnerei	b1	high
Gäste-WC	a2	medium
Gönner	b2	medium
Götze	b2	medium
Gülle	b2	medium
Güterverkehr	b1	high
H-Bombe	b2	low
H-Dur	c1	low
HGB-Bestimmung	c1	low
HIV-Infektion	b1	medium
HIV-Test	b1	high
HIV-infiziert	b1	medium
HIV-negativ	b1	high
HIV-positiv	b1	high
HNO-Station	c1	high
HTML-Editor	b1	low
Haarausfall	b1	low
Haarfarbe	a1	high
Haarschnitt	a2	high
Hacke	a2	high
Hacker	b1	high
Hafenstadt	a2	high
Haferflocken	a1	high
Haft	b2	medium
Haftpflicht	b2	low
Haftpflichtversicherung	b2	low
Haftstrafe	b2	high
Hahn	a2	high
Hain	c1	low
Hakenkreuz	b1	high
Hakenkreuz-Tattoo	b2	low
Halbbruder	a2	high
Halbe	b1	low
Halbfinale	a2	high
Halbinsel	a2	high
Halbjahr	a2	high
Halbmarathon	a2	low
Halbmarathon-Weltmeisterschaft	b1	high
Halbzeit	a2	high
Hallenbad	a2	high
Halloween	a2	high
Halo	c1	low
Hals-Nasen-Ohren-Arzt	b1	high
Halt	a2	low
Haltbarkeit	b1	low
Hammer	a1	high
Hamster	a1	high
Handball	a1	high
Handball-Fan	a1	medium
Handbremse	a2	high
Handelspartner	b1	high
Handelsregister	b2	high
Handgelenk	a2	high
Handhabung	b1	high
Handlanger	b1	low
Handlungsbedarf	b2	high
Handlungsfähigkeit	b2	low
Handschellen	b1	low
Handschlag	a2	high
Handschrift	b1	low
Handschuh	a1	high
Handy-Akku	a2	high
Handy-App	a2	high
Handy-Reparatur	a2	high
Hanf	b1	high
Hang	b1	low
Hangar	b1	low
Hansestadt	b2	low
Hardliner	b1	high
Harfe	b1	high
Harz	b1	low
Haschisch	b1	high
Hass	b1	high
Hast	b2	low
Hattrick	b1	high
Haube	b1	low
Haufen	a2	high
Hauptaugenmerk	b2	high
Hauptdarsteller	a2	high
Hauptfach	b1	high
Hauptfigur	a2	high
Hauptgrund	a2	high
Hauptmann	c1	low
Hauptplatz	a1	high
Hauptpreis	a2	high
Hauptproblem	b1	low
Hauptquartier	b1	high
Hauptrolle	a2	high
Hauptschulabschluss	b1	high
Hauptsitz	b1	low
Hauptteil	b1	low
Hauptthema	b1	high
Hauptursache	b1	high
Hauptversammlung	b2	low
Hauptziel	b1	high
Hausarbeit	a2	high
Hausbau	b1	high
Hausdurchsuchung	b1	low
Hausflur	a2	high
Haushälterin	a2	high
Hausrat	b2	medium
Haustür	a1	high
Hausverbot	b1	medium
Hausverwaltung	b1	high
Hautfarbe	b1	high
Havanna-Syndrom	c2	low
Headset	a2	high
Heavy-Metal-Band	a2	low
Heavy-Metal-Festival	a2	high
Hebamme	b1	low
Hebel	b1	low
Hebräisch	a2	high
Hecht	b1	high
Hehl	c1	medium
Heide	b2	low
Heil	c1	low
Heiland	c1	high
Heiliger	b1	high
Heiligkeit	c1	low
Heiligtum	c1	low
Heilkunde	b2	high
Heilmittel	b1	high
Heimatschutz	b1	low
Heimatstadt	a2	high
Heimatverein	b2	low
Heimreise	a2	high
Heiratsantrag	b1	low
Heizkosten	a2	high
Hektar	b1	medium
Hektik	b1	low
Heli	a2	low
Helium	a2	high
Helium-3	c2	low
Helix	c1	medium
Helm	a2	high
Hengst	b1	high
Henkel	a2	high
Henker	b2	low
Henne	a1	high
Hepatitis	b2	low
Herangehensweise	b2	high
Herausforderer	b1	high
Herausgabe	b2	high
Herausgeber	b1	high
Herbstferien	a2	high
Herde	b1	high
Herkunftsland	a2	high
Herrchen	a2	high
Herren-WC	a1	high
Herrgott	a2	low
Herrlichkeit	c1	high
Herumlaufen	b1	low
Herz-Kreislauf-Erkrankung	b2	low
Herzblut	c1	high
Herzchen	a2	low
Herzfrequenz	b1	high
Herzinfarkt	b1	high
Herzklopfen	b1	high
Herzlichkeit	b1	high
Herzogin	b1	low
Herzogtum	b1	low
Herzschlag	a2	high
Herzstück	b2	medium
Hetero	b1	low
Heterosexuelle	b1	low
Hetze	b2	high
Heu	a2	high
Heuchelei	b2	high
Heuchler	b2	high
Hexerei	b1	low
Hi-Fi-Anlage	a2	medium
Hierarchie	b2	high
High-Society	b1	low
Highschool	b1	high
Hilfeleistung	b2	high
Hilferuf	a2	high
Hilfestellung	b1	high
Hilfsmittel	b1	high
Hilfsorganisation	b1	high
Himmelreich	c1	high
Himmelskörper	b1	low
Hinausgehen	a2	high
Hindernis	b1	high
Hindu	b1	low
Hingucker	b1	low
Hinhalten	b1	high
Hinsicht	b2	high
Hintergrund	b1	high
Hintergründe	b1	high
Hinterkopf	b1	high
Hintern	a2	low
Hintertür	b1	low
Hinwendung	b2	low
Hip-Hop	a2	high
Hip-Hop-DJ	b1	low
Hiphop	a2	high
Hippie	b1	low
Hipster	b1	high
Hirn	a2	high
Hirsch	a2	high
Hirt	b1	high
Historie	b2	low
Historiker	b1	high
Hit	a2	high
Hitler-Schnurrbart	c2	low
Hochburg	b2	medium
Hochdeutsch	b1	high
Hochglanz	b1	low
Hochland	b1	low
Hochmut	b2	high
Hochschulreife	b1	high
Hocker	a2	high
Hockey	a2	high
Hoden	b1	high
Hoheitsgebiet	c1	medium
Hole-in-one	c1	medium
Hollywood-Film	a2	low
Holocaust	b2	high
Holzkohle	a2	high
Homeoffice	b1	high
Homepage	a2	high
Hommage	c1	high
Homophobie	b2	high
Homosexualität	b1	high
Honorar	b1	high
Hopfen	b1	medium
Horizont	b1	high
Hormon	b1	low
Horn	a2	medium
Hornhaut	b2	high
Horror	a2	high
Horror-Autor	b1	high
Horrorfilm	a2	high
Hort	b1	medium
Hosentasche	a2	high
Hospiz	b1	low
Hotelzimmer	a1	high
Hotline	a2	high
Hotspot	b1	low
House-DJ	b1	low
Huhn	a1	high
Hummer	a2	high
Hundebesitzer	a2	high
Hundert-Euro-Schein	a1	high
Hundert-Meter-Lauf	a2	high
Hunderter	a2	high
Hunderttausende	b1	low
Hungersnot	b1	high
Hungerstreik	b1	high
Hurra-Patriotismus	c1	low
Hurrikan	a2	high
Hybride	b1	low
Hydraulik	b2	high
Hygiene-Institut	b2	low
Hype	b1	low
Hysterie	b2	high
Häftling	b1	high
Häkchen	a2	low
Hälfte	a2	high
Händedruck	a2	high
Händel	c1	medium
Hänge-Birke	b1	high
Hänger	b1	low
Härte	b2	low
Häschen	a1	high
Häufigkeit	b1	low
Häuschen	a1	high
Höchstgeschwindigkeit	b1	high
Höchststand	b1	high
Höhenflug	b1	low
Höhenmeter	b1	medium
Hölle	b1	high
Hörensagen	b2	high
Höschen	a2	high
Hübscher	b1	medium
Hüfte	a2	high
Hühnchen	a1	high
Hülle	b1	low
Hündin	a2	low
Hürde	b1	high
Hüter	b2	medium
ICE-Trasse	b1	high
IP-Adresse	b2	high
IP-Netz	c1	high
IQ-Test	b1	high
IR-Strahlung	b2	high
IS-Kämpfer	b2	low
IT-Abteilung	b1	low
IT-Branche	b2	high
IT-Panne	b1	low
IT-Service	b1	low
IT-Spezialist	b1	high
IT-System	b2	high
IT-Typ	b1	low
IT-Wirtschaft	b2	low
Ich-Erzähler	b2	high
Icon	a2	high
Identifikation	b1	high
Identifizierung	b2	high
Idiot	a2	high
Idol	b1	high
Igel	a2	high
Ignorant	b1	low
Ignoranz	b1	high
Ikone	b1	high
Illustrator	b1	high
Illustrierte	b1	high
Imagination	b2	high
Imker	b1	medium
Immobilie	b1	high
Imperator	c1	medium
Imperialismus	b2	high
Imperium	b1	medium
Impfgegner	b1	high
Impfstoff-Kandidat	b2	high
Implementierung	b2	high
Improvisation	b1	high
In-Ear-Kopfhörer	b1	low
Inbegriff	c1	low
Inbetriebnahme	c1	low
Inder	a1	high
Indigo	b1	low
Indikation	c1	high
Indikator	b2	medium
Individualisierung	b2	low
Individualität	b1	high
Individuum	b2	high
Indiz	b1	low
Induktion	b2	low
Industrialisierung	b1	high
Industrielle	b2	high
Industrieunternehmen	b1	low
Infinity-Pool	b1	low
Influencer	b1	high
Info	a2	high
Informatik	b1	high
Informatiker	b1	low
Informationsaustausch	b1	high
Informationstechnik	b1	low
Informationsveranstaltung	a2	high
Inhaltsangabe	a2	high
Inhaltsverzeichnis	a2	high
Injektion	b1	high
Inka-Tempel	b1	low
Inkompetenz	b1	high
Inland	b1	low
Inneneinrichtung	b1	low
Innenhof	a2	high
Innenminister	b1	high
Innenministerium	b1	high
Innenraum	a2	high
Innenstadt	a2	high
Innere	b1	low
Inschrift	b1	low
Insider	b1	high
Insolvenz	b2	high
Inspektor	b1	high
Inspiration	b1	high
Instabilität	b2	high
Instinkt	b1	low
Institution	b1	medium
Instrumentalisierung	b2	high
Insulin	b1	high
Integral	c1	low
Integrität	b2	high
Intellektuelle	b2	high
Intellektueller	b1	low
Intendant	b2	high
Interaktion	b2	high
Interessengemeinschaft	b2	low
Interessenvertretung	c1	high
Interessierter	b1	low
Interieur	b1	high
Intermezzo	c1	low
Internationalisierung	b2	high
Internet	a1	high
Internet-Enzyklopädie	b1	low
Internetnutzer	b1	low
Internetportal	b1	low
Internetseite	a2	high
Internetzugang	b1	high
Intimität	b1	high
Intoleranz	b1	high
Intrigen	b2	high
Intro	a2	high
Intuition	b1	high
Investment	b2	high
Ion	b2	low
Irrsinn	b1	high
Irrtum	b1	high
Islamisierung	b2	low
Islamist	b2	low
Isolation	b1	high
Isolierung	b1	high
Ist-Zustand	b2	low
It-Girl	b2	low
Ja-Nein-Frage	a2	high
Jackpot	b1	high
Jaguar	a2	low
Jahrbuch	b1	high
Jahresbeginn	a2	high
Jahresbericht	b1	high
Jahreshälfte	b1	high
Jahrestag	a2	high
Jahrestagung	b1	high
Jahrgang	b1	high
Jahrhundertwende	b2	high
Jahrzehnt	b1	low
Jammern	b1	low
Japaner	a1	high
Jargon	b1	high
Jasmin	a2	low
Jazz	a2	high
Jazz-Combo	b1	low
Jenseits	c1	low
Jersey	b1	high
Jerusalem-Syndrom	c2	low
Jet	a2	high
Jet-Set	b2	low
Jobcenter	b1	high
Joch	b2	low
Jod	a2	high
Jogginghose	a2	high
Joghurt	a1	high
Joint	b1	high
Joint-venture	b2	low
Jojo	a1	high
Jojo-Effekt	b1	high
Joke	a2	low
Journalismus	b1	high
Jubel	b1	low
Jubiläum	a2	high
Jude	b1	low
Judentum	b1	high
Jugendhilfe	b2	low
Jugendlicher	b1	high
Jugendorganisation	b1	low
Jugendstil	b2	low
Jugendzeit	b1	low
Jugendzentrum	a2	high
Junges	b1	high
Junior	b1	low
Junker	c2	low
Junta	b2	high
Juristin	b1	low
Justizminister	b1	high
Juwel	b1	low
Juwelier	a2	high
Jüngster	a2	high
K.-o.-Sieg	b2	low
K.-o.-Tropfen	b2	high
KI-Algorithmus	b2	high
KI-Inhalt	b2	high
KI-generiert	b1	high
KI-gestützt	b2	high
KI-Ära	b1	high
KZ-Gedenkstätte	b1	medium
KZ-Kommandant	b2	low
KZ-Nummer	c1	low
Kabarett	b1	low
Kaffee-Ersatz	b1	low
Kaffee-Export	b1	high
Kahn	b1	high
Kai	b1	low
Kaiser	a2	high
Kaiserreich	b1	high
Kaiserzeit	b1	high
Kaktus	a2	high
Kalenderjahr	a2	high
Kaliber	b1	high
Kalk	b1	high
Kalkstein	b1	low
Kalkulation	b2	high
Kalkül	c1	high
Kamel	a1	high
Kampfhandlungen	b1	low
Kampfkunst	b1	high
Kanadier	a2	medium
Kandidatin	a2	high
Kandidatur	b1	high
Kaninchen	a2	high
Kanon	b2	high
Kanton	b1	low
Kantor	b2	medium
Kanzel	b2	high
Kap	b1	low
Kapelle	b1	low
Kapitalanlage	b2	high
Kapitalmarkt	c1	high
Kapitulation	b1	low
Kapitän	a2	high
Kappe	a2	high
Kapuze	a2	high
Karaoke	a2	high
Karat	b2	low
Karate	a2	high
Kardiologie	c1	high
Karfreitag	b1	high
Karikatur	b1	high
Karma	b1	high
Karo	a2	high
Karosserie	b1	high
Karpfen	a2	high
Karre	b1	low
Karren	a2	low
Karriereende	b1	low
Kartell	b2	high
Kartenspiel	a1	high
Karton	a2	high
Kaserne	b1	high
Kasseler	b1	high
Kassierer	a2	high
Kassiererin	a1	high
Katalysator	b1	high
Katechismus	c1	low
Kategorie	b1	high
Kath	c2	low
Kathedrale	a2	high
Katholizismus	b1	low
Katzenfutter	a1	high
Kauen	a2	high
Kauf-Nix-Tag	c1	low
Kaufmann	b1	high
Kaufvertrag	b1	low
Kaugummi	a1	high
Kautschuk	b1	high
Kegel	b1	high
Kehle	a2	high
Kehre	b1	low
Keil	b1	high
Kelle	b1	low
Kenner	b1	high
Kenntnis	b1	high
Kenntnisstand	b2	high
Kennzahlen	c1	low
Kennzeichnung	b2	high
Keramik	b1	low
Kern	b1	high
Kernel	c1	high
Kernenergie	b1	high
Kernstück	b1	low
Kessel	a2	high
Kettensäge	a2	high
Ketzer	c1	low
Keule	a2	medium
Key-Visual	c2	low
Kfz-Werkstatt	a2	low
Kicker	b1	high
Kiefer	a2	medium
Kies	b1	high
Kiez	b1	low
Kiffen	b1	low
Kiffer	b1	medium
Kilo	a1	high
Kilometer	a1	high
Kinderarbeit	b1	high
Kinderbetreuung	b1	high
Kinderbuch	a1	high
Kindergeld	b1	low
Kinderheim	a2	high
Kinderklinik	a2	high
Kinderschänder	b1	high
Kinderwunsch	b1	high
Kinderzimmer	a1	high
Kindesalter	b1	low
Kindesmissbrauch	b2	high
Kinn	a1	high
Kinofilm	a1	high
Kinostart	a2	high
Kirchengemeinde	b1	high
Kirchenkreis	b2	high
Kirchenmusik	b1	low
Kirchturm	a2	high
Kirsch	b1	low
Kirschbaum	a1	high
Kit	b2	low
Kitsch	b1	high
Kittel	b1	high
Klamotten	b1	high
Klan	b1	low
Klang	b1	high
Klappe	b1	low
Klarer	c1	low
Klarheit	b2	low
Klassenerhalt	c2	low
Klassenfahrt	a2	high
Klassenkampf	b2	high
Klassentreffen	b1	high
Klassifikation	b2	high
Klatsche	b1	high
Klaue	b1	low
Klauen	b1	low
Klebeband	a2	high
Klebstoff	a2	high
Klee	a2	high
Kleeblatt	a2	high
Klein-Klein	b2	low
Kleiner	b1	low
Kleinigkeit	a2	high
Kleinstadt	a2	high
Kleinwagen	a2	high
Klempner	a2	high
Kleriker	b2	low
Klerus	c1	high
Klick	a2	high
Klicken	a2	high
Klient	b1	low
Klientel	b2	high
Klima-Kleber	b1	high
Klimapolitik	b2	high
Klimaschutz	b1	high
Klimawandel	b1	high
Klinge	b1	low
Klinikum	b1	low
Klinke	a2	high
Klippe	b1	low
Klitoris	b1	high
Klon	b1	low
Klopapier	a1	high
Kloster	a2	medium
Klosterkirche	b1	low
Kläger	c1	low
Klägerin	c1	low
Kläranlage	b2	high
Knacken	b1	high
Knackpunkt	b2	low
Knaller	b1	low
Knappheit	b2	high
Knarre	b1	high
Knauf	b1	high
Knecht	b2	low
Knochenmark	b1	high
Knopfdruck	b1	high
Know-how	b1	high
Knöchel	a2	high
Knüppel	b1	high
Ko-Trainer	b1	high
Kochbuch	a1	high
Kocher	a2	high
Kofferraum	a2	high
Kohl	a2	low
Kohlendioxid	b2	high
Kohlenhydrate	b1	high
Kohlenstoff	b1	high
Kohlensäure	b1	low
Kokain	b1	high
Kokosnuss	a1	high
Kollegium	b1	low
Kollektiv	b2	high
Kollision	b1	high
Kolloquium	b2	high
Kolonialismus	b2	high
Kolonie	b2	low
Kolonne	b1	low
Kolumnist	b1	high
Koma	b1	low
Komet	a2	high
Komfort	b1	high
Komik	b1	high
Komiker	a2	high
Komma	a1	high
Kommandant	b2	high
Kommerz	b2	low
Kommissar	b1	high
Kommissarin	b1	high
Kommission	b2	high
Kommode	a2	high
Kommunalpolitiker	b1	low
Kommunalwahlen	b1	high
Kommune	b1	high
Kommunion	b1	high
Kommunist	b1	high
Kompanie	b2	low
Kompass	a2	high
Kompatibilität	b2	high
Kompliment	a2	high
Komplize	b1	low
Komponist	b1	high
Komposition	b2	high
Kompression	b1	high
Kompromiss	b1	high
Komödie	a2	high
Kondition	b1	high
Konditorei	a2	high
Kondom	b1	high
Konfiguration	b2	high
Konfrontation	b2	low
Kongress	b1	high
Konjunktiv	b1	high
Konkurrent	b1	high
Konkurrenzkampf	b1	low
Konsequenz	b2	low
Konservativer	b1	high
Konserven	a2	high
Konsistenz	b2	medium
Konsole	b1	high
Konsorten	c1	low
Konsortium	b2	high
Konstante	b2	high
Konstellation	b2	low
Konstrukt	c1	high
Konstrukteur	b1	low
Konsument	b1	high
Kontaktlinsen	a2	high
Konter	b1	low
Kontext	b1	high
Kontinuität	b2	high
Kontostand	b1	low
Kontroll-Liste	a2	high
Konvent	c1	high
Konvention	b2	high
Konvergenz	c1	high
Konversion	b2	high
Konzentrationslager	b1	low
Konzept	b1	high
Konzertsaal	a2	high
Konzession	b2	high
Kooperation	b1	high
Kooperationspartner	b1	high
Koordination	b1	high
Koordinator	b1	high
Kopfbedeckung	a2	high
Kopfhaut	a2	high
Kopfhörer	a1	high
Kopfschütteln	b1	medium
Koran	b1	low
Koreanisch	a1	high
Korken	a2	high
Korn	a2	medium
Korpus	c1	high
Korrespondent	b1	high
Korrespondenz	b2	high
Korrosion	b2	low
Kost	b1	high
Kostprobe	b1	low
Kot	b1	low
Kotze	b1	low
Kraftfahrer	b1	high
Kragen	a2	high
Krankenpflege	b1	low
Krankenversicherung	b1	high
Kranker	b1	high
Krankheitserreger	b2	high
Kranz	b1	high
Krapfen	a2	high
Kratzen	b1	low
Krause	b2	low
Kraut	a2	low
Krawatte	a2	high
Kreativität	b1	high
Kreatur	b1	high
Krebs	b1	high
Kreisel	a2	medium
Kreislauf	b1	high
Kreisstadt	b2	low
Kreisverkehr	a2	high
Kreuzer	c2	medium
Kreuzzug	b2	high
Kribbeln	b1	low
Kriegsende	a2	medium
Kriegsverbrechen	b2	high
Krimi-Manuskript	b1	high
Kriminalpolizei	b1	high
Krimineller	b1	low
Kriterium	b2	high
Kritikpunkt	b1	high
Krokodil	a1	high
Krone	a2	low
Krug	b1	high
Kruste	a2	high
Kröte	a2	low
Kubikmeter	b1	high
Kugelstoßen	b1	low
Kuh	a1	high
Kulisse	b2	low
Kulturhaus	a2	high
Kulturkreis	b2	high
Kulturlandschaft	b2	high
Kulturpolitik	b1	high
Kulturzentrum	b1	high
Kundenservice	b1	low
Kunstausstellung	b1	low
Kunstform	b1	high
Kunstgeschichte	b1	low
Kunsthalle	b1	high
Kunsthandwerk	b1	high
Kunsthistoriker	b1	high
Kunsthändler	b1	low
Kunstsammlung	a2	high
Kunstschule	a2	high
Kupplung	b2	low
Kur	b1	medium
Kurhaus	b2	medium
Kurpark	b1	low
Kurswechsel	b2	high
Kurzfassung	b1	low
Kurzfilm	a2	high
Kurzschluss	b1	high
Kurzurlaub	a2	high
Kutscher	b1	low
Käfer	a2	high
Kämpfen	b1	low
Kämpfer	b1	high
Kätzchen	a1	high
Kölner	a2	low
Köpfchen	b1	high
Körperbau	b1	low
Körpergewicht	a2	high
Körpergröße	a2	high
Körperpflege	b1	high
Körperschaft	c1	high
Körpersprache	b1	high
Körperteil	a1	high
Körpertemperatur	a2	high
Körperverletzung	b2	high
Köter	b1	high
Kübel	a2	high
Küchentisch	a1	high
Kühle	b1	low
Kündigungsfrist	b2	high
Kürbis	a2	high
Kürze	b2	low
Kürzel	b1	high
Küsschen	a2	high
Küstenwache	b1	medium
Küßchen	a2	high
LAN-Party	b1	low
LGBT-Aktivist	b1	low
Labyrinth	b1	high
Lacher	b2	medium
Lack	a2	high
Lade	c1	low
Ladekabel	a1	high
Ladung	b1	low
Lagerfeuer	a2	high
Lagerhaus	a2	high
Lagerraum	a2	high
Lagune	a2	low
Lama	a2	high
Lamm	a2	high
Landbevölkerung	b1	high
Landebahn	b1	high
Landesgrenze	a2	high
Landeshauptstadt	b1	low
Landeskirche	c1	low
Landeskunde	b1	high
Landesliga	b1	low
Landesrat	b2	medium
Landesregierung	b1	low
Landessprache	b1	low
Landkreis	b1	medium
Landratsamt	b1	low
Landtagsfraktion	c1	high
Landtagswahl	b2	high
Lanze	b1	high
Lappen	b1	low
Laptop	a1	high
Lasagne	a1	high
Laser	b1	low
Late-Night-Show	b1	high
Latein	b1	high
Laterne	a2	high
Latte	b1	low
Laube	b1	low
Lauch	a2	high
Lauf-ABC	b2	medium
Laufband	a2	high
Laufsteg	b1	low
Laute	c2	low
Lautstärke	b1	high
Lawine	b1	high
Leasing	b1	high
Lebendigkeit	b2	high
Lebensabend	b2	high
Lebensart	b1	high
Lebensende	b1	high
Lebenserfahrung	b1	low
Lebensform	b1	low
Lebensführung	b2	high
Lebenshaltungskosten	b1	high
Lebenskraft	b1	low
Lebenspartner	b1	high
Lebensraum	b2	high
Lebenssituation	b1	high
Lebensstil	b1	high
Lebensumstände	b1	low
Lebensverhältnisse	b2	high
Lebensversicherung	b1	high
Lebensweg	b2	high
Lebensweise	b1	high
Lebenswerk	b2	low
Lebenszeichen	b1	high
Lebenszeit	b1	low
Leber	a2	high
Lebewesen	b1	low
Leere	b1	high
Leerstand	b2	high
Legende	b1	low
Leggings	a1	high
Legierung	b2	high
Legion	b2	low
Lehm	b1	high
Lehrbuch	a2	high
Lehrgang	b1	high
Lehrmeister	b1	low
Lehrplan	b1	high
Leib-Seele-Problem	c1	low
Leichnam	b1	low
Leichtathletik	b1	low
Leichtigkeit	b1	low
Leidenschaft	b1	high
Leihe	b1	high
Leim	a2	high
Leinen	a2	medium
Leiste	b1	high
Leistungsfähigkeit	b2	high
Leistungssport	b1	high
Leistungssteigerung	b1	high
Leistungsträger	b2	low
Leitartikel	b2	high
Leitbild	b2	high
Leiterin	b1	high
Leitfaden	b1	high
Leitmotiv	c1	high
Lektion	a2	high
Lektor	b1	low
Lenkung	b2	high
Leopard	a1	high
Lerner	b1	low
Lernprozess	b1	high
Lesart	b2	high
Lesbarkeit	b2	high
Lesbe	b1	high
Lese	c1	low
Leseprobe	b1	high
Leserbrief	b1	low
Lesezeichen	a2	high
Lesung	b2	high
Letztes	b1	low
Leuchte	a2	low
Leuchter	b1	high
Leuchtturm	a2	high
Leugnen	b2	medium
Leukämie	b2	high
Leutnant	b1	high
Ley-Linie	c1	low
Liberaler	b1	medium
Liberalisierung	b2	high
Libido	b2	low
Lichtgeschwindigkeit	b2	high
Liebende	b1	low
Liebling	a2	high
Lieblings-CD	a1	high
Lieblings-T-Shirt	a1	high
Liebste	b1	low
Liedermacher	b1	high
Lieferservice	a2	high
Lieferwagen	a2	high
Liege	a2	low
Liegenschaft	b2	high
Liga	a2	high
Limit	a2	high
Limousine	b1	high
Linderung	b2	high
Linguistik	b2	low
Linkshänder	a2	high
Linse	b1	high
Lippenstift	a2	high
Liquid	c2	high
Literaturwissenschaft	c1	low
Live-Musik	a2	high
Live-Reportage	b1	medium
Liveticker	b1	high
Lizenz	b1	high
Lkw-Fahrer	a2	high
Lkw-Fahrerin	a2	high
Lkw-Reifen	a2	low
Lobbyismus	b2	high
Locke	a2	high
Lodge	a2	medium
Loft	b1	low
Log-Stufe	c1	low
Log-in	a2	high
Logbuch	b1	high
Logik	b1	medium
Lohn-Preis-Spirale	c1	low
Lohnsteuer	b2	high
Lokomotive	b1	high
Long-Covid	b1	low
Lore	c1	low
Los	b1	low
Lotterie	b1	high
Lotto	a2	high
Lounge	b1	high
Low-Budget-Thriller	b1	high
Luchs	a2	low
Luftdruck	b1	medium
Luftraum	b1	high
Lump	b2	low
Lumpen	a2	low
Lungenentzündung	b1	high
Lungenkrebs	b1	high
Lupe	a2	high
Lyrics	b1	low
Lyrik	b2	high
Lähmung	b1	low
Ländereien	b2	low
Länderspiel	b1	low
Läuten	b1	low
Lösegeld	b1	high
Lösungsmittel	b2	low
Löwe	a1	high
MP3-Player	a2	high
MP3-Spieler	a2	high
Maastricht-Kriterium	c1	low
Machenschaften	b2	high
Macher	b1	low
Machete	b1	low
Machthaber	b1	high
Machtverhältnisse	b2	high
Machtübernahme	b2	high
Macke	b1	high
Made	b1	low
Madonna	c1	low
Mafia	b1	high
Magd	b2	low
Magen-Darm-Entzündung	b2	high
Magier	b1	low
Magistrat	c1	high
Magnetfeld	b2	high
Magnum	c1	low
Mahnmal	b2	high
Mahnwache	b2	low
Mailadresse	a1	high
Mainboard	b1	medium
Mainstream	b1	high
Make-up	a2	high
Makler	b1	medium
Malaria	b1	low
Malaria-Impfung	b1	high
Malerei	b1	high
Malerin	a2	high
Malz	b1	high
Mama	a1	high
Mami	a1	high
Management-Buy-out	c1	high
Manager	a2	high
Managerin	a2	high
Mandeln	b1	high
Mangelware	b1	low
Mango	a2	high
Mangold	b1	high
Manifest	b2	high
Manko	b1	high
Manor	c1	high
Mantra	b1	high
Manuskript	b1	medium
Manöver	b1	high
Mappe	a2	high
Mare	c2	low
Marge	b2	high
Marihuana-Ernte	b2	low
Marina	b1	low
Mark	b1	low
Marke	a2	high
Markenzeichen	b1	low
Marker	b1	high
Markierung	b1	high
Marktanteil	b2	high
Marktführer	b1	high
Markthalle	a2	high
Marktplatz	a2	high
Marktwirtschaft	b2	high
Marsch	b1	low
Martyrium	b2	low
Masche	b1	low
Maschinenfabrik	b1	low
Maschinengewehr	b1	high
Masern	b1	medium
Maskottchen	b1	high
Massage	a2	high
Massaker	b1	high
Masse	b1	high
Massenmedien	b1	high
Massenmord	b2	low
Massiv	b2	low
Mast	b1	high
Masterarbeit	b1	high
Materialismus	b2	high
Materie	b2	medium
Mathematik-Olympiade	b1	high
Mathematiker	a2	high
Matratze	a2	high
Matrix	b2	medium
Matte	a2	high
Mauerfall	a2	high
Mauerwerk	b2	medium
Maul	b1	low
Maulwurf	a2	high
Maus	a1	high
Maut	b1	high
Maxi	b1	low
Maya-Herrscher	b2	low
Maya-Ruine	a2	medium
Maya-Schrift	b1	low
Maya-Stadt	b1	high
Maßgabe	c1	medium
Maßnahme	b1	high
Medaille	a2	high
Medaillon	b1	medium
Medienlandschaft	b2	high
Meditation	a2	high
Mediziner	b1	high
Medizintechnik	b2	high
Meerjungfrau	a2	high
Meerschweinchen	a2	high
Meeting	b1	high
Mehraufwand	b2	low
Mehrkosten	b1	low
Meile	b1	low
Meilenstein	b1	high
Meinungsbildung	b2	low
Meisterin	a2	high
Meisterstück	b1	high
Meistertitel	b1	high
Melodie	a2	high
Membran	c1	high
Meme	a2	high
Memoiren	b1	low
Mensch-Maschine-Schnittstelle	c1	low
Menschenhandel	b1	high
Menschenmenge	a2	high
Menschenverstand	b1	high
Menschenwürde	b2	high
Menstruation	b1	low
Mentalität	b2	high
Mentor	b1	high
Merkmal	b1	high
Messegelände	b1	medium
Messenger	a2	high
Messgerät	b1	high
Messing	b1	high
Messlatte	b2	low
Messung	b1	high
Met	c1	low
Meta-Suchmaschine	b1	low
Meter	a1	high
Meth	b2	medium
Meth-Dealer	b2	low
Meth-Labor	b2	low
Methan	b1	medium
Metrik	b2	low
Metro	a2	high
Mett	b1	high
Metzgerei	a2	high
Midi	b1	low
Mietpreisbremse	b2	high
Migrationshintergrund	b2	high
Migräne	b1	high
Mikrofon	a1	high
Milan	b2	medium
Milchstraße	a2	high
Milde	b2	medium
Milieu	c1	high
Mille	b1	medium
Millennium	b1	low
Milliardär	b1	high
Millimeter	a2	high
Milz	b2	high
Mimik	b1	high
Mindestlohn	b1	high
Mindestmaß	b1	high
Mine	a2	medium
Mineralogie	c1	high
Mini	b1	low
Mini-Kühlschrank	a2	high
Mini-Mental-Status-Test	c2	high
Miniatur	b1	high
Minijob	b1	high
Minister	b1	high
Ministerin	a2	high
Minus	a2	high
Minze	a1	high
Mir	c2	low
Mischung	b1	high
Misere	c1	high
Missachtung	b2	high
Missfallen	b2	medium
Mission	b1	high
Missionar	b1	low
Mist	b1	low
Mit-Mutter	c1	low
Mitbegründer	b1	high
Mitbewerber	b2	high
Mitbewohnerin	a2	high
Mitbürger	b1	high
Mitfahrer	a2	low
Mitgefühl	b1	high
Mitgliederversammlung	b1	low
Mitgliedstaat	b2	high
Mitläufer	b2	low
Mitschnitt	b1	low
Mitschüler	a2	high
Mitspracherecht	b1	high
Mittagstisch	b1	high
Mittagszeit	a1	high
Mitte-links-Regierung	b2	high
Mittelfeld	b1	high
Mittelfinger	a1	high
Mittelklasse	b1	high
Mittellinie	b1	high
Mittelpunkt	b1	high
Mittelstand	b2	low
Mittelteil	b1	high
Mittelweg	b1	high
Mittwochabend	a1	high
Mitverantwortung	b2	high
Mitwirkung	b2	low
Mixed	c1	low
Mißachtung	b2	low
Mißerfolg	b1	high
Mißhandlung	b2	high
Mobbing	b1	high
Mobile	b2	low
Mobilfunk	b2	high
Modellierung	b2	low
Modem	a2	high
Moderatorin	a2	high
Modernisierung	b1	high
Modifikation	b2	high
Modul	b1	high
Modus	b2	low
Mol	c1	high
Molekül	b2	high
Molly	c1	low
Momentaufnahme	b1	high
Monarch	b1	high
Monarchie	b1	high
Monographie	c1	low
Monolog	b1	high
Montagabend	a2	high
Montage	b2	medium
Monte-Carlo-Simulation	c1	low
Monument	b1	low
Moor	b1	high
Moos	a2	high
Morden	b2	low
Mordkommission	b1	high
Morgenstern	b1	low
Morphologie	c1	low
Mosaik	b1	low
Moschee	a2	high
Moskauer	a2	low
Moslem	b1	low
Motorradfahrer	a2	high
Mulde	b2	high
Multikulti	b1	high
Multikulti-Gesellschaft	b1	high
Mumm	b1	low
Mund-Nasen-Maske	a2	high
Mund-zu-Mund-Propaganda	b1	low
Mundart	b1	low
Mus	b1	high
Muse	b1	low
Musikerin	a2	high
Musikgeschichte	b1	high
Musiklehrer	a2	high
Musikschule	a2	high
Musikszene	b1	low
Musikunterricht	a2	high
Musikvideo	a2	high
Muskulatur	b2	medium
Muss	b2	low
Must-have	b1	low
Muster	b1	high
Musterbeispiel	b1	low
Musterung	c1	high
Mutter-Kind-Kur	b2	low
Mutter-Kind-Parkplatz	a2	high
Muttermilch	a2	high
Mysterium	b1	low
Mystik	b2	low
Mythologie	b1	low
Mädel	a2	high
Mähne	a2	high
Männchen	a2	low
Männlichkeit	b2	high
Märtyrer	b2	low
Mäuschen	a1	high
Mäßigen	b2	low
Möchtegern	b1	high
Möchtegern-Polizist	b1	low
Mörder	b1	high
Mörser	b1	low
Mörtel	b1	low
Mücke	a2	high
Mühle	a2	medium
Mülleimer	a1	high
Münchner	a2	medium
Müsli	a2	high
NS-Regime	b2	high
NS-Verbrechen	b2	high
NS-Zeit	b1	low
Nachahmung	b1	low
Nachbarort	a2	high
Nachbildung	b1	low
Nachfolge	b2	low
Nachfolgerin	b1	low
Nachlass	b2	high
Nachname	a1	high
Nachrichten	a2	high
Nachrichtenagentur	b1	high
Nachschlagewerk	b2	high
Nachschub	b2	high
Nachsehen	b2	low
Nachspiel	b2	high
Nachspielzeit	b1	low
Nacht-und-Nebel-Aktion	c1	low
Nachtigall	b1	high
Nachtleben	b1	low
Nachtrag	b2	low
Nachtschicht	b1	high
Nachttisch	a1	high
Nachwelt	b2	medium
Nachwort	b1	low
Nackte	b1	low
Nahaufnahme	b1	medium
Nahost-Abteilung	b1	high
Nahrung	a2	high
Nahrungsaufnahme	b1	high
Naivität	b2	high
Namensgeber	b1	high
Namensänderung	a2	high
Narbe	a2	high
Narkose	b1	low
Narr	b1	low
Narrativ	b2	low
Narzißmus	b2	high
Nash-Gleichgewicht	c2	low
Nation	b1	high
Nationalbank	b1	medium
Nationalhymne	a2	high
Nationalismus	b2	high
Nationalpark	a2	high
Nationalspieler	b1	high
Naturforscher	b2	high
Naturpark	a2	high
Natursekt	b1	low
Naturwissenschaft	b1	high
Naturwissenschaften	b1	high
Naturwissenschaftler	a2	high
Nazi	b1	high
Nazi-Gegner	b1	high
Nazi-Schläger	b2	low
Nazizeit	b1	low
Nebeneffekt	b1	high
Nebengebäude	b1	low
Nebenjob	a2	high
Neige	b1	low
Nektar	a2	medium
Nenner	b1	low
Nennung	b1	low
Neonazi	b2	high
Nerd	a2	high
Nervenkitzel	b1	high
Nervenzusammenbruch	b1	high
Nervosität	a2	high
Nest	a2	high
Networking	b1	high
Netzneutralität	c1	low
Netzpolitik	b2	high
Netzteil	b1	high
Neuausgabe	b1	low
Neubaugebiet	b1	low
Neue	b2	low
Neuerer	b1	high
Neufassung	b2	high
Neugierige	b1	high
Neugründung	b2	high
Neuland	b2	low
Neurologie	b1	high
Neutral-Null-Methode	c2	low
Neutrale	b2	low
Neuwagen	a2	high
Neuzeit	b2	low
Newcomer	b1	high
News	b1	medium
Newton	b2	medium
Nichtstun	b1	high
Nichtwähler	b1	high
Nickel	b1	high
Nickerchen	a2	high
Nicki	b1	low
Niederländer	a2	high
Niederschläge	b1	low
Niederschrift	c1	high
Nigerianer	a2	high
Nikolaus	a2	low
Nippel	c1	low
Nirvana	b2	high
Nitrat	b1	low
No-Go	b1	low
Nominierung	b1	high
Nonne	a2	high
Nord-Süd-Richtung	b1	high
Nordost	a2	high
Nordosten	a1	high
Nordseite	a2	high
Normaler	b1	high
Normalfall	b1	high
Normalisierung	b2	low
Normalität	b2	high
Norwegisch	a1	high
Nostalgie	b1	low
Notar	b1	medium
Notaufnahme	a2	high
Notdienst	b1	high
Notebook	a2	high
Notenbank	b2	high
Notstand	b2	high
Notwehr	b1	low
Novelle	b2	low
Novum	c1	low
Nude	b2	low
Null-Null	b2	low
Nummer-eins-Hit	a2	medium
Nummernschild	a2	high
Nutzer	b1	high
Nutzfahrzeuge	b2	medium
Nutzfläche	b2	medium
Nächstenliebe	b2	high
Näher	c1	medium
Nähmaschine	a2	high
Nötigung	c1	low
O-Ton	b2	low
OH-Gruppe	c2	high
OP-Pfleger	b1	low
OP-Saal	b1	high
OP-Schwester	b2	low
OP-Tisch	b1	low
Oase	b1	low
Oben-ohne-Foto	c2	low
Oberarzt	b2	high
Oberbefehlshaber	b2	high
Oberfläche	b1	high
Obergeschoss	a2	high
Obergeschoß	a2	high
Obergrenze	b2	high
Oberhand	b1	high
Oberhaus	b1	high
Oberkörper	a2	high
Oberschenkel	a2	high
Oberschicht	b2	high
Oberseite	a2	high
Oberst	b2	low
Oberverwaltungsgericht	c1	high
Obmann	b2	low
Oboe	a2	high
Obrigkeit	c1	low
Obsession	b1	high
Ode	b2	medium
Off-Stimme	b2	low
Offenbarung	c1	high
Offense	c1	low
Offerte	b2	medium
Offizier	b1	medium
Offline-Medium	b2	low
Offshore-Firma	b2	high
Offshore-Konto	c1	low
Ohm	c1	high
Ohnmacht	b1	high
Ohrfeige	b1	medium
Okay	b1	low
Oldtimer	b1	low
Olive	a1	high
Olymp	c1	low
Olympiade	a1	high
Omi	a1	high
One-Man-Show	b1	high
Onkologie	c1	high
Online-Dating	b1	high
Online-Enzyklopädie	b1	low
Online-Gaming	b1	high
Online-Kritiker	b1	high
Online-Netzwerk	b1	high
Online-Schach	a2	high
Online-Shop	a2	high
Online-Ticket	a2	high
Online-Umfrage	b1	high
Online-Wörterbuch	a2	high
Onlineshop	a2	high
Open-Air-Festival	a2	high
Open-World-Spiel	b2	low
Operator	b2	low
Operette	b1	low
Opfer-Notruf	b2	low
Opfern	b2	low
Opium	b2	high
Optimum	c1	high
Orakel	c1	high
Order	b2	high
Ordnungswidrigkeit	b2	high
Organisator	b1	high
Organismus	b2	high
Organist	b1	high
Organspende	b1	high
Orgasmus	b1	low
Orgel	b1	high
Orgie	b2	low
Orthopädie	c1	low
Ortschaft	b1	medium
Ortskern	b1	high
Ortsverein	b2	high
Ortszeit	b1	high
Ost-West-Ausdehnung	b2	low
Osterfeuer	a2	medium
Ostern	a1	high
Otter	a2	low
Outen	b1	low
Outfit	a2	high
Outlet-Center	a2	high
Outsourcing	b2	high
Oval	a2	high
Overall	b1	high
Ozon	b1	high
PDF-Datei	a2	high
PET-Flasche	b1	high
PISA-Schock	b2	low
PR-Abteilung	b1	high
PR-Agent	b2	low
PR-Agentin	b1	high
PR-Frau	b1	low
PR-Gag	b2	low
PR-Maßnahme	b2	medium
PR-Rummel	b2	medium
PS-stark	b1	low
PVC-Rohr	b2	low
Pakt	b2	low
Palast	a2	high
Palazzo	b2	low
Palme	a2	high
Pampa	b2	low
Pandemie	b1	high
Panik	b1	high
Panikmache	b2	high
Paper	b2	high
Pappe	a2	high
Papst	b1	low
Parabel	b2	high
Parade	a2	high
Paradebeispiel	b2	low
Paradies	a2	medium
Paradigmenwechsel	b2	low
Paradox	b2	high
Parameter	b2	high
Paranoia	b1	high
Parasit	b1	high
Parcours	b1	low
Parfum	a1	high
Parkett	b1	high
Parkhaus	a2	high
Parlamentswahl	b1	high
Parmesan	a1	high
Parodie	b1	high
Partei	b1	high
Parteichef	b1	high
Parteiprogramm	b1	high
Parteitag	b1	high
Partie	b1	low
Partitur	c1	high
Partnerschaft	b1	high
Partnersuche	b1	low
Party-Schlager	b1	low
Pascal	c2	low
Pascha	b2	low
Pass	a2	high
Passage	b1	high
Passe	c2	low
Pasta	a1	high
Paste	a2	high
Pate	b1	low
Patenschaft	b1	high
Patriarch	b2	medium
Patriot	b1	high
Patriotismus	b2	high
Patron	b2	high
Patrouille	b1	low
Patzer	b1	high
Pauschale	b2	medium
Pavillon	b1	low
Pay-TV	b1	high
Peak	b2	low
Pedal	a2	high
Pegel	b2	low
Peitsche	b1	high
Pelz	a2	high
Pendant	b2	low
Pendel	b1	low
Pendler	b1	high
Penis	b1	high
Pensionierung	b1	low
Perfektion	b1	high
Perle	a2	high
Perlen	a2	high
Perser	b1	high
Personalkosten	b1	high
Personenkreis	b1	medium
Personenverkehr	b1	high
Perspektive	b1	high
Perverser	b1	low
Perücke	a2	high
Pest	b1	high
Peter-Prinzip	c1	low
Petersilie	a2	high
Petroleum	b1	low
Pfahl	b1	low
Pfand	a2	high
Pfannkuchen	a1	high
Pfarrei	b1	low
Pfarrhaus	b1	high
Pfarrkirche	b1	low
Pfeifer	b2	low
Pfiff	b1	high
Pflanzenschutzmittel	b2	high
Pflanzenwelt	a2	high
Pflegeheim	b1	high
Pflegeversicherung	b1	high
Pflichtspiel	b2	high
Pflug	b1	low
Phantom	b1	high
Pharao	b1	high
Pharmazie	b1	high
Phase	b1	high
Philharmonie	b1	medium
Philologie	c1	medium
Philosoph	b1	high
Philosophie	b1	medium
Phosphat	b2	high
Phosphor	b1	medium
Photovoltaik	b2	low
Phrase	b1	low
Phönix	b2	medium
Pi	b1	low
Pianistin	a2	high
Pier	a2	low
Piercing	a2	high
Pike	c1	low
Pilger	b1	high
Pilotprojekt	b1	high
Pils	a2	high
Pin	a2	high
Pin-up	c1	medium
Ping	b2	low
Pinguin	a1	high
Pinto	c1	low
Pionier	b1	low
Pipeline	b1	high
Pirat	a2	high
Pisa-Studie	b2	high
Pixel	a2	high
Pizzeria	a1	high
Placebo	b1	low
Planck-Einheit	c2	low
Planck-Länge	c2	high
Planck-Temperatur	c2	high
Planck-Zeit	c2	high
Plane	b1	high
Planer	b1	low
Planetarium	a2	high
Plateau	b1	high
Platin	b1	low
Platte	a2	high
Plattform	b1	high
Playlist	a2	high
Plenum	b2	high
Plot	b1	high
Plural	a2	low
Pluspunkt	a2	high
Plündern	b1	high
Pochen	b2	low
Podest	b1	high
Poesie	b1	high
Pokalsieger	b1	low
Pokalspiel	a2	high
Poker	b1	high
Pol	b1	high
Pole	a2	high
Polit-Talk	b1	medium
Polit-Talkshow	b1	medium
Polizeiarbeit	b1	high
Polizeibeamte	b1	high
Polizeidirektion	b1	high
Polizeieinsatz	b1	high
Polizeigewalt	b2	high
Polizeipräsidium	b1	high
Polizeischutz	b1	high
Polizeisprecher	b1	high
Polizeiwache	a2	high
Polka	b1	high
Polnisch	a1	high
Polster	b1	high
Pommes	a1	high
Pop-Art	b2	low
Pop-Festival	a2	high
Pop-up	b1	high
Pop-up-Restaurant	b1	low
Pop-up-Store	b1	medium
Popkultur	b1	low
Popper	c1	low
Popularität	b1	high
Porno-Website	b1	high
Portal	b1	low
Portfolio	b1	high
Porto	a2	high
Porträt	b1	high
Portugiesisch	a1	high
Porzellan	b1	low
Position	b1	medium
Posse	c1	low
Post-Covid-Symptom	b1	medium
Post-Covid-Syndrom	b2	low
Postbote	a1	high
Posten	b1	high
Postfach	b1	low
Potenzial	b2	high
Pott	b1	high
Pracht	b2	low
Praktiker	b1	medium
Prediger	b2	low
Predigt	b1	high
Preis-Leistungs-Verhältnis	b1	high
Preisniveau	b2	high
Preisvergleich	a2	high
Preisverleihung	b1	high
Premierministerin	b1	high
Pressefreiheit	b2	high
Pressesprecher	b1	high
Pressestelle	b1	low
Preview	b1	high
Priester	b1	high
Prinzessin	a1	high
Prinzip	b1	high
Prinzipien	b1	high
Prisma	b1	medium
Privatdozent	c1	high
Privatisierung	b2	high
Privatleute	b1	low
Privatperson	b1	low
Privatvermögen	b1	high
Privileg	b1	high
Privilegierte	b1	high
Pro-Kopf-Einkommen	b2	high
Pro-Kopf-Verbrauch	b2	high
Problematik	b2	high
Producer	b1	low
Produktionsfirma	a2	high
Produktionsmittel	c1	medium
Produktivität	b1	high
Produktpalette	b1	high
Prof	a2	high
Professionalität	b1	high
Professur	b2	high
Profifußball	a2	high
Prognose	b1	high
Programmierer	a2	high
Progress	b2	high
Progression	b2	high
Projektion	b2	low
Projektleiter	b1	high
Projektmanagement	b1	high
Proletariat	c1	low
Prolog	b1	high
Promenade	a2	high
Promi	b1	low
Prominenter	b1	high
Prominenz	b1	medium
Promo	b1	low
Prompt	b1	high
Pronomen	b1	high
Prophet	b2	high
Prophezeiung	b1	high
Prostituierte	b2	high
Prostitution	b1	low
Protagonist	b1	high
Protagonistin	b1	low
Protein	b1	high
Protestantismus	b1	medium
Prototyp	b1	high
Proviant	b1	high
Prozedere	b2	medium
Prozedur	b1	high
Prozent	a2	high
Prädikat	b2	high
Präsent	b2	high
Präsenz	b2	low
Präsident	a2	high
Präsidentenwahl	a2	high
Präsidentschaftskandidat	b1	high
Präsidentschaftswahl	b1	high
Präsidium	b2	medium
Präzision	b2	low
Prüfer	b1	high
Prügel	b1	low
Prügelei	b1	high
Prügeln	b1	low
Pseudonym	b1	high
Psychiater	b1	high
Psychoanalyse	c1	low
Psychologe	b1	high
Psychotherapie	b1	high
Pub	a2	high
Public-Viewing-Veranstaltung	a2	low
Publikation	b2	high
Publizist	c1	low
Publizistik	b2	low
Puck	a2	high
Pudel	a2	high
Puffer	b1	high
Puls	a2	high
Pump	b1	low
Pumpen	b1	low
Pumps	b1	low
Punktzahl	b1	high
Punsch	a2	medium
Pussy	b2	medium
Put-Option	c1	low
Putschversuch	b1	high
Puzzle	a1	high
Pächter	b2	high
Pädagoge	b1	low
Pädagogik	b1	high
Pärchen	a2	high
Pöbel	c1	low
Pünktchen	a1	high
Pünktlichkeit	a2	high
Q-Fieber	c2	low
QR-Code	a2	high
Quad	a2	high
Quadrat	a1	high
Quadratmeter	a2	high
Qual	b2	medium
Qualifizierung	b2	high
Qualitätskontrolle	b1	low
Qualitätssicherung	b2	high
Quantität	b1	high
Quark	a2	high
Quarz	b1	low
Quatsch	b1	high
Quecksilber	b1	medium
Quell	c1	low
Quellcode	b1	high
Quereinsteiger	b1	low
Querschnitt	b2	low
Quest	b1	low
Quick-Time-Event	c2	medium
Quintessenz	b2	low
Quintett	b1	low
Quote	b2	high
RNA-Analyse	c1	low
RNA-Virus	c1	low
Rachen	b1	medium
Radar	b1	high
Radfahren	a2	high
Radikale	b2	low
Radikaler	b2	high
Radikalisierung	b2	high
Radioaktivität	b1	high
Radius	b1	low
Radsport	b1	high
Radtour	a2	high
Radweg	a2	high
Raffinerie	b1	low
Rage	b1	medium
Rahmen	b1	high
Rakete	a2	high
Rallye	b1	high
Rampe	b1	high
Rampenlicht	b2	high
Ranch	a2	high
Randale	b1	high
Rang	b1	low
Ranger	b1	high
Rangliste	b1	low
Rappen	b1	high
Rasenmäher	a2	high
Rasse	b2	low
Rast	a2	high
Raster	b2	low
Raststätte	a2	high
Ratgeber	b1	high
Raub	b1	high
Raumfahrt	b1	medium
Raumschiff	a2	low
Raumstation	a2	low
Raupe	a2	high
Rausch	b2	low
Rauschen	b1	high
Rauswurf	b1	low
Raute	b1	low
Rave	b1	low
Razzia	b2	high
Ready-made	c2	medium
Reaktionszeit	b1	high
Reaktor	b2	high
Realisierung	b2	high
Reality-TV	b1	low
Rebell	b1	high
Rechenschaft	b2	high
Rechnungshof	c1	high
Rechnungswesen	b1	high
Rechte	b1	high
Rechtfertigung	b2	high
Rechtmäßigkeit	c1	high
Rechts-außen-Partei	b2	high
Rechtsanspruch	c1	high
Rechtsaußen	b1	high
Rechtsextremismus	b1	high
Rechtsform	b2	low
Rechtsgrundlage	b2	high
Rechtslage	b2	high
Rechtsmittel	b2	low
Rechtsordnung	b2	high
Rechtsradikale	b1	high
Rechtsruck	b2	high
Rechtsschutz	b2	low
Rechtssystem	b1	high
Rechtswissenschaft	b2	high
Reck	b1	low
Recycling	a2	high
Redakteur	b1	high
Reduktion	b2	high
Referent	b1	low
Referenz	b1	high
Reflex	b1	medium
Reflexion	b2	high
Refrain	b1	high
Regatta	b1	high
Regelfall	b2	low
Regeneration	b1	high
Regenfälle	b1	low
Regenschirm	a1	high
Regenwald	a2	high
Regenwasser	a2	high
Reggae	b1	high
Reggae-DJ	a2	high
Regierungsbildung	b1	high
Regierungschef	b1	high
Regierungspartei	b1	high
Regierungszeit	b1	high
Regionalbahn	a2	high
Regionalliga	b2	low
Regionalverkehr	b1	high
Regisseurin	b1	high
Register	b2	high
Registrierung	b1	high
Reglement	b2	high
Regler	b1	high
Regulation	b1	high
Regulierung	b2	high
Reh	a2	high
Reha	b1	low
Reibung	b1	low
Reiche	b1	high
Reicher	b1	high
Reichsbürger	c1	low
Reichtum	b1	high
Reigen	c1	low
Reim	b1	high
Reisebericht	a2	high
Reisender	a2	high
Reiseziel	a2	high
Reiz	b2	high
Reißverschluss	a2	high
Rekonstruktion	b2	high
Rekordmeister	b1	high
Rekrutierung	b2	low
Relevanz	b2	high
Religionsfreiheit	b2	high
Religionsgemeinschaft	b1	high
Religionsunterricht	b1	high
Relikt	b2	low
Reliquien	b2	high
Remake	b1	high
Ren	b1	low
Renaissance-Truhe	c1	low
Rendezvous	b1	medium
Rennbahn	b1	high
Renner	b1	high
Rennrad	b1	high
Rennstrecke	a2	high
Rennwagen	a2	high
Rentenversicherung	b1	high
Repertoire	b1	high
Repressalien	c1	high
Reproduktion	b2	medium
Repräsentation	b2	high
Reservat	b1	high
Reservoir	b2	low
Residenz	b2	high
Resonanz	b2	medium
Resort	a2	high
Ressort	b2	high
Restaurierung	b1	high
Retter	b1	low
Rettungsdienst	b1	low
Rettungssanitäter	b1	high
Rettungswagen	a1	high
Reue	b2	high
Revanche	b1	high
Revier	b1	low
Revision	b2	high
Revival	b1	low
Revolte	b1	high
Revolver	a2	high
Revue	b2	low
Rezension	b2	high
Rezeptur	c1	high
Rh-positiv	b1	medium
Rheinisch	b2	low
Rheuma	a2	high
Rhythmus	b1	high
Richter-Skala	b1	low
Richterin	b1	high
Richtigkeit	b1	high
Richtlinie	b2	high
Riechen	b1	low
Riegel	b1	high
Riemen	a2	low
Riesenrad	a2	high
Riesenslalom	c1	low
Riff	a2	high
Rindfleisch	a1	high
Ringer	b1	low
Ringstraße	b1	low
Ritt	b1	high
Ritter	a2	high
Ritual	b1	high
Ritus	b2	high
Ritz	b1	low
Rivalität	b1	high
Roadster	b1	low
Robe	b1	low
Robotik	b1	high
Rock-DJ	a2	low
Rockmusik	a1	high
Rockstar	a2	high
Roggen	a2	medium
Rollenspiel	b1	high
Rollstuhl	a2	high
Rollstuhlfahrer	b1	high
Rolltreppe	a2	high
Romanze	b1	high
Rosa	a1	high
Rosenkranz	b1	medium
Rosenmontag	b1	low
Ross	c1	high
Rost	b1	high
Rotation	b2	high
Rothaarige	a2	high
Rotwein	a1	high
Rotz	b1	low
Round-table-Gespräch	b1	high
Roundup	c2	low
Rubin	b1	high
Ruck	b1	low
Rudel	b1	high
Rudern	b1	low
Ruin	b1	high
Rund-um-die-Uhr-Bewachung	b1	high
Rundschau	b2	low
Runen	b1	high
Russ	c1	low
Rute	b1	low
Rutsch	b1	medium
Räumung	b2	high
Römer	b1	low
Rückbank	a2	high
Rückblick	b1	high
Rückendeckung	b1	low
Rückenschmerzen	a2	high
Rückerstattung	b1	high
Rückführung	c1	high
Rückgang	b2	high
Rückgrat	b2	high
Rücklagen	b2	high
Rückmeldung	b1	high
Rücknahme	b1	high
Rückreise	a2	high
Rückschlag	b2	high
Rückschritt	b1	low
Rücksichtnahme	b2	low
Rückspiegel	a2	high
Rücksprache	b2	high
Rückstand	b1	low
Rückweg	a2	high
Rückzahlung	b1	high
Rückzieher	b1	high
Rückzug	b2	low
Rüge	b2	medium
Rührei	a1	high
Rüstung	b2	high
S-Bahnhof	a2	high
S-Kurve	b1	low
SOS-Ruf	b1	high
SPD-nah	c1	low
Saatgut	b1	low
Sabotage	b1	high
Sachbearbeiter	b1	low
Sachbeschädigung	b2	high
Sachbuch	a2	high
Sachlage	b2	low
Sachlichkeit	b2	high
Sachverstand	b2	high
Sachverständiger	c1	high
Safari	a1	high
Safari-Urlaub	a2	high
Safe	a2	high
Safety	c2	high
Safety-Car	c1	low
Saga	b1	high
Sager	b2	low
Saisonbeginn	a2	high
Saite	b1	low
Sakrament	b2	high
Salami	a1	high
Saldo	b2	low
Salto	a2	high
Samariter	b1	low
Sammler	a2	high
Sammlung	b1	high
Sample	b1	high
Samstagabend	a2	high
Samt	b1	low
Sanatorium	b1	high
Sandalen	a1	high
Sandstein	b1	high
Sang	c2	low
Sanitäter	b1	high
Sarg	b1	low
Satiriker	b1	medium
Sattel	a2	high
Sau	b1	low
Sauerkraut	a1	high
Sauerstoff	a2	high
Saum	b1	high
Sax	c2	high
Scan	a2	high
Schach	a2	high
Schacht	b1	low
Schachzug	b2	high
Schadenersatz	b1	high
Schaffner	a2	high
Schaffung	b2	low
Schaft	b2	high
Schal	a1	high
Schallplatte	a2	low
Schaltung	b2	low
Schanze	b1	low
Schar	b2	medium
Scharfschütze	b1	high
Scharia	b2	low
Schatzkammer	b1	high
Schatzmeister	b1	high
Schau	b1	high
Schauer	b1	low
Schaufel	a2	high
Schaukel	a2	high
Schauspiel	b1	high
Schauspielerei	b1	high
Schauspielhaus	b1	high
Scheck	b1	high
Scheibenwischer	a2	high
Schein-OP	c1	low
Scheitel	b1	high
Scheiterhaufen	c1	low
Scheißdreck	b1	low
Scheiße	b1	low
Schelle	b1	low
Schenke	b1	low
Schenkel	a2	high
Schenker	b1	low
Scherz	a2	high
Scheu	b1	low
Scheune	a2	high
Schick	b1	low
Schicksal	b2	medium
Schiedsgericht	b2	low
Schiedsrichter	b1	high
Schiefer	b1	high
Schießerei	b1	high
Schiffbau	b2	low
Schiffer	b1	high
Schifffahrt	b1	low
Schilddrüse	b1	low
Schilderung	b1	low
Schilf	b1	high
Schimmel	a2	high
Schimmer	b1	high
Schimpfwort	b1	low
Schippe	b1	low
Schirmherrschaft	c1	high
Schiss	b1	low
Schizophrenie	b2	high
Schlachthof	b1	low
Schlachtung	b2	high
Schlaflosigkeit	b1	high
Schlafsack	a1	high
Schlaganfall	b1	low
Schlager	b1	high
Schlagwort	b2	high
Schlagzeilen	b2	low
Schlagzeuger	b1	low
Schlappe	b1	high
Schlauch	a2	high
Schlauchboot	a2	high
Schleicher	b2	low
Schleier	b1	low
Schleim	a2	high
Schlendern	b1	medium
Schlepper	b1	low
Schlichter	b1	low
Schließe	b1	high
Schließung	b1	high
Schlitz	b1	high
Schlosser	b1	high
Schloßgarten	b1	high
Schlucht	b1	high
Schlussfolgerung	b2	high
Schlusslicht	b1	low
Schlusspfiff	b1	high
Schlussphase	b1	high
Schlussstrich	b2	high
Schlußpfiff	b1	low
Schlägerei	b1	high
Schlüsselanhänger	a2	high
Schmach	c1	high
Schmankerl	b2	low
Schmecken	a2	high
Schmerzmittel	a2	high
Schmied	b1	low
Schmiede	b1	low
Schmieden	b2	high
Schnabel	a2	high
Schnappschuss	b1	high
Schnaps	a2	high
Schnarchen	b1	high
Schnauze	b1	medium
Schnecke	a2	high
Schnee-Eule	a2	high
Schneemann	a1	high
Schneid	b2	medium
Schneider	a2	high
Schnelle	b2	low
Schnickschnack	b1	high
Schnitt	b1	low
Schnitte	a2	high
Schnitzer	b1	high
Schnurrbart	a2	high
Schober	b1	low
Schornstein	a2	high
Schoss	c2	medium
Schotter	b1	high
Schoß	b1	low
Schraube	a2	high
Schrei	b1	high
Schreibmaschine	a2	high
Schreibung	b1	low
Schreibweise	b1	high
Schreiner	b1	low
Schrieb	b2	low
Schriftenreihe	c1	low
Schriftführer	b1	high
Schriftzeichen	b1	low
Schrott	b1	high
Schub	b1	high
Schuhe	a1	high
Schuhmacher	a2	low
Schulabschluss	b1	high
Schulalltag	b1	high
Schulbildung	b1	high
Schulbus	a1	high
Schulden	a2	high
Schulferien	a1	high
Schulhaus	a2	high
Schulmedizin	c1	high
Schulmädchen	a1	high
Schulpflicht	b1	high
Schultag	a1	high
Schulung	b1	high
Schulunterricht	a1	high
Schulwesen	b2	low
Schuppen	a2	high
Schusswaffe	b1	low
Schuster	b1	high
Schutt	b1	low
Schwabe	b1	low
Schwacher	a2	high
Schwachsinn	b1	low
Schwachstelle	b1	high
Schwager	b1	high
Schwalbe	a2	medium
Schwan	a2	high
Schwangere	a2	high
Schwanz	a2	high
Schwarm	b1	high
Schwarz-Weiß-Bild	a2	high
Schwarz-Weiß-Film	a2	high
Schwarzer	b1	low
Schwebe	b2	high
Schweben	b2	high
Schwede	a2	low
Schwedisch	a1	high
Schweine-Latein	b2	low
Schweinehund	b1	high
Schweinerei	b1	low
Schweiß	a2	high
Schwelle	b1	high
Schwellen	b1	low
Schwellung	b1	low
Schwere	b2	low
Schwiegereltern	a2	high
Schwiegermutter	a2	high
Schwiegervater	a2	high
Schwindel	b1	high
Schwung	b1	low
Schwägerin	b1	high
Schädel	b1	low
Schäfchen	b1	low
Schäferhund	a2	high
Schälen	a2	low
Schätzung	b1	high
Schöne	b1	low
Schönes	b1	low
Schönste	a2	high
Schöpfung	c1	low
Schürze	a2	high
Science-Fiction-Autor	b1	low
Science-Fiction-Geschichte	b1	high
Science-Fiction-Roman	b1	high
Science-Fiction-Welt	b1	high
Scifi	a2	high
Scout	b1	high
Screen	a2	low
Seele	b1	high
Seelsorge	c1	low
Seenotrettung	b1	high
Segel	a2	high
Segeln	a2	high
Segen	b2	low
Segler	b1	low
Segment	b2	high
Seide	a2	high
Seil	a2	high
Seilbahn	a2	high
Seiler	c1	low
Seitenlinie	b1	low
Seitensprung	b1	low
Sekt	a2	high
Sekte	b1	low
Sektion	b2	low
Sektor	b2	low
Selbstbestimmung	b2	high
Selbstbestimmungsrecht	b2	high
Selbstbild	b2	low
Selbsthilfegruppe	b1	low
Selbstjustiz	b2	high
Selbstkontrolle	b1	low
Selbstmord	b1	high
Selbstständige	b1	high
Selbstständigkeit	b1	high
Selbstverwaltung	b2	low
Selbstwertgefühl	b1	low
Selbständige	b1	high
Selektion	b2	high
Selfie	a2	high
Selfie-Stick	a2	high
Sellerie	a2	high
Semantik	c1	low
Semesterferien	a2	high
Senat	b2	high
Senf	a1	high
Senior	a2	high
Senior-Partner	b2	low
Senkrechte	b2	high
Senkung	b2	high
Sensibilisierung	b2	high
Sensibilität	b1	high
Sensor	b1	high
Sequenz	b2	low
Sergeant	b1	high
Seriennummer	a2	high
Seriosität	b2	low
Server	a2	high
Service-Station	b1	low
Servus	a2	low
Set	a2	high
Setzung	c1	low
Sex	a2	medium
Sexualität	b1	medium
Sexvideo	b1	low
Shakespeare-Zitat	b1	medium
Shampoo	a1	high
Sheriff	a2	high
Shisha	b1	high
Shisha-Bar	b1	high
Shit	b2	medium
Shitstorm	b1	low
Shooting	b1	low
Shoppen	a2	high
Shopping-Center	a2	high
Shopping-Meile	b1	low
Showdown	b1	high
Sichel	b1	high
Sicherheitsdienst	b1	high
Sicherheitskonferenz	b1	high
Sicherheitslücke	b1	high
Sicherheitspolitik	b2	high
Sicherheitsrisiko	b1	high
Sicherstellung	b2	low
Sicht	b1	high
Sichtbarkeit	b2	high
Sichtung	b2	high
Sieb	a2	high
Sieben	a1	high
Sieben-Sterne-Hotel	a2	high
Sieben-Tage-R	c1	low
Siebzehn-und-vier	c2	low
Siedler	b1	high
Siedlung	b1	high
Siegel	b1	high
Siegerehrung	b1	low
Signal	a2	high
Silhouette	b1	high
Silvester	a2	high
Simulation	b1	high
Simulator	b1	high
Sinfonie	b1	high
Singer-Songwriter	a2	high
Single-Action-Revolver	c2	low
Single-Malt-Whisky	b2	low
Singular	b1	medium
Sinnbild	b2	high
Sinnlichkeit	b2	low
Sintflut	b1	high
Sippe	b2	high
Sirup	a2	high
Sit-in	b2	low
Sit-up	a2	high
Sitten	b2	high
Sitzbank	a2	high
Sitzplatz	a1	high
Sitzung	b1	high
Ska	b1	medium
Skandal	b1	high
Skateboard	a1	high
Skater	a1	high
Skelett	a2	high
Skeptiker	b1	high
Sketch	b1	high
Skifahren	a1	high
Skin	b1	low
Skipper	b1	high
Skispringer	b1	high
Skizze	b1	high
Sklave	b1	high
Sklaverei	b1	high
Sklavin	b1	high
Sklerose	b2	high
Skript	b1	high
Skrupel	b2	high
Smart-TV	a2	high
Smash	b1	high
Smiley	a1	high
Snack	a1	high
Sneaker	a2	high
Snowboard	a1	high
Soda	a2	medium
Soft-Eis	a2	low
Sog	b2	low
Sohle	b1	high
Solarstrom	b1	low
Sold	b2	low
Soll	c1	low
Solo	a2	high
Solo-Konzert	a2	high
Sommerfest	a2	high
Sommersemester	a2	high
Sommertag	a1	high
Sommerurlaub	a1	high
Sommerzeit	a2	high
Sonate	b1	high
Sonde	b2	high
Sonderausgabe	b1	high
Sonderausstellung	b1	high
Sonderheft	b1	high
Sonderpreis	a2	high
Sonderstellung	b2	low
Sone	c2	high
Songwriter	b1	low
Sonnenbrand	a2	high
Sonnenbrille	a1	high
Sonnenlicht	a1	high
Sonntagabend	a1	high
Sonntagnachmittag	a2	high
Sonstiges	a2	low
Sorgerecht	b2	high
Sorgfalt	b2	high
Sorte	a2	high
Sortierung	b1	high
Sortiment	b2	medium
Sozialarbeit	b1	high
Sozialhilfe	b1	high
Sozialist	b1	low
Sozialpolitik	b2	high
Sozialversicherung	b2	high
Sozialwissenschaften	b1	high
Soziologie	b1	high
Space	c1	low
Spalte	b1	high
Spalten	b2	low
Spaltung	b2	high
Spam	a2	high
Spam-Mail	a2	high
Spanier	a2	high
Spanne	b1	high
Spannung	b1	high
Spannungsfeld	b2	low
Sparbuch	a2	high
Spare	c1	low
Sparer	b1	low
Spargel	a2	high
Sparkasse	a2	high
Sparte	b1	high
Spatenstich	b2	low
Spaziergänger	a2	high
Spedition	b1	medium
Speer	b1	low
Speicherplatz	a2	high
Speiseröhre	b2	high
Spendenaktion	b1	low
Spender	b1	high
Spengler	c1	low
Sperma	b2	low
Sperre	b1	high
Sperrmüll	b1	medium
Sperrung	b1	high
Spesen	b1	low
Spezialisierung	b2	high
Spezialität	a2	high
Spezies	b2	high
Spezifikation	b2	high
Spielball	b2	low
Spielbetrieb	b2	low
Spielchen	b1	high
Spielerei	b1	high
Spielertrainer	b1	low
Spielfeld	a2	high
Spielfilm	a2	high
Spielhalle	a2	high
Spielklasse	b1	low
Spielleiter	b1	low
Spielplan	b1	medium
Spielstand	a2	low
Spielverlauf	b1	low
Spielweise	b1	high
Spieß	b1	low
Spießer	b1	low
Spinnen	c1	high
Spinner	b1	high
Spion	a2	high
Spiritus	b1	high
Spital	b1	low
Spitzel	b1	high
Spitzenkandidatin	b1	low
Spitzenpolitiker	b1	high
Spitzer	a1	high
Sport-BH	a2	high
Sport-Top	a2	high
Sportverein	a2	high
Spot	b1	high
Sprachkenntnisse	a2	high
Sprachkurs	a1	high
Sprachkurse	a2	high
Spray	a2	high
Sprecher	b1	high
Sprengstoff	b1	high
Sprichwort	b1	high
Springer	b1	high
Sprint	a2	high
Spritzer	b1	high
Spross	b2	high
Spruch	b1	low
Spucke	b1	low
Spuk	b1	high
Spurensicherung	b1	medium
Spätherbst	a2	high
Spätsommer	a2	high
Spätzle	b1	low
Spülmaschine	a2	high
Spülung	b1	high
Staat	a2	low
Staatsangehörige	b1	high
Staatsangehörigkeit	b1	high
Staatsanwalt	b2	high
Staatsanwältin	b1	high
Staatsbürger	b1	high
Staatsbürgerschaft	b2	high
Staatsexamen	b2	high
Staatsform	b1	high
Staatsgewalt	b2	high
Staatsmann	b1	low
Staatssekretärin	b2	high
Staatsstreich	b1	high
Staatsverschuldung	b2	high
Staatsvertrag	b2	low
Stabilisierung	b2	high
Stabilität	b1	high
Stachel	a2	high
Stadt-Land-Gegensatz	b2	low
Stadtbahn	a2	high
Stadtbibliothek	a1	high
Stadtbücherei	a2	high
Stadtentwicklung	b2	high
Stadtfest	a2	high
Stadtgebiet	b1	low
Stadtgemeinde	b1	high
Stadthalle	a2	high
Stadtkern	a2	high
Stadtkirche	a2	high
Stadtmuseum	a2	high
Stadtplaner	b1	low
Stadtverkehr	a2	high
Stadtverwaltung	b1	high
Stadtviertel	a2	high
Stadtzentrum	a2	high
Stagnation	b2	high
Stalinismus	b2	high
Stamm	b1	high
Stammplatz	b1	high
Stammspieler	b1	medium
Stammtisch	b2	low
Stand-up-Comedy	b1	high
Standard	b1	high
Standardisierung	b2	high
Standardwerk	b1	low
Standesamt	b1	high
Starkregen	b1	medium
Starre	c1	low
Starren	b2	low
Start-up	b1	high
Startelf	b1	low
Starter	b1	high
Startplatz	b1	low
Startpunkt	a2	high
Startseite	a2	high
Stasi-Vergangenheit	c1	low
Statement	b1	high
Statik	c1	high
Statistiker	b1	high
Stativ	b1	high
Statue	a2	high
Status	b1	high
Staunen	b1	high
Steak	a2	high
Stecher	b1	low
Steckbrief	b1	medium
Steg	b1	low
Steigerung	b1	high
Steigung	b1	low
Steinbruch	b1	low
Stellenwert	b2	high
Stellwerk	c1	high
Steppe	b1	high
Sterbehilfe	b1	high
Sterbende	b1	high
Sterblichkeit	b2	high
Sternchen	a2	low
Steuerberater	b1	high
Steuererklärung	b1	high
Steuerreform	b1	low
Steuersatz	b1	high
Steuerung	b2	high
Steuerzahler	b1	high
Stich	b1	low
Stichtag	b1	high
Stichwahl	b2	low
Stichwort	b1	high
Sticker	a2	high
Stiefvater	a2	high
Stiel	b1	high
Stifter	b2	low
Stille	a2	high
Stillschweigen	b1	high
Stillstand	b1	high
Stimmabgabe	b2	low
Stimmrecht	b1	high
Stirn	a2	high
Stollen	b2	high
Stop-and-go-Verkehr	b1	medium
Stopp	a1	high
Storch	a1	high
Strafanzeige	b1	high
Strafgesetzbuch	c1	low
Strafmaß	b2	high
Strafraum	b1	high
Straftäter	b2	high
Strafverfahren	b2	high
Strafverfolgung	b2	high
Strafvollzug	c1	high
Strahlung	b2	high
Strang	b1	high
Strauch	a2	high
Straße-Schiene-Verkehr	c1	low
Strebe	b1	high
Streckenabschnitt	b1	low
Streichung	b2	high
Streifen	b1	high
Streifenwagen	b1	high
Streitereien	b1	low
Streitigkeiten	b1	high
Strick	b1	low
Stricken	a2	high
Strike	c1	low
Strip-Poker	b1	low
Stromausfall	b1	high
Stromerzeugung	b1	high
Stromnetz	b1	high
Strompreis	b1	high
Strophe	b1	high
Strudel	b1	low
Strumpfhose	a2	high
Strömen	b2	medium
Stube	b1	low
Studenten-WG	b1	low
Studi	a2	high
Studiengang	b1	high
Studiengebühren	b1	high
Stuhlgang	b2	high
Stumpf	b1	high
Sturz	b1	high
Styling	b1	low
Stäbchen	b1	high
Städtchen	a2	high
Städter	b1	high
Stärkere	b1	medium
Stärkung	b1	low
Stätte	c1	low
Stückzahl	b2	low
Stürmer	b1	low
Stütze	b1	high
Stützpunkt	b1	high
Substanz	b2	low
Suche	a2	high
Sucher	b1	low
Suchmaschine	b1	high
Suchmaschinenoptimierung	b2	low
Sud	b1	high
Suite	b2	low
Super-8-Film	c2	low
Super-Riesenslalom	c1	low
Superman-Kostüm	a2	low
Superstar	a2	high
Surfen	a2	high
Sushi	a1	high
Sushi-Restaurant	a1	high
Swimmingpool	a1	high
Swinger	b1	low
Symbolbild	b2	low
Symbolik	b2	high
Synagoge	b1	medium
Synchronisation	b1	low
Synchronsprecher	b1	high
Synode	c1	low
Synonym	b1	high
Syntax	b1	low
Syphilis	b2	low
Syrer	a2	high
Syrisch	c1	low
Systematik	b2	low
Szenario	b1	high
Säbel	b1	medium
Säuberung	b2	low
Säugetiere	b1	high
Säugling	b1	high
Säule	b1	low
Säure-Base-Reaktion	c2	high
Söldner	b1	high
Südländer	b1	medium
Südost	a2	high
Südosten	a1	high
Südsee	a2	medium
Südseite	a2	high
Südwest	a2	high
Südwesten	a2	high
Sündenbock	b2	high
Sünder	b1	high
Süße	b1	low
Süßwasser	b1	low
T-Kreuzung	a2	high
T-Stück	c1	low
T-Zelle	c1	high
T-Zone	b2	low
TV-Duell	b2	high
TV-Format	b1	low
TV-Turm	a2	high
Tabellenführung	b1	low
Tablet-PC	a2	high
Tablett	a2	high
Tabu	b1	high
Tagebau	b2	high
Tageblatt	b1	low
Tagebuch	a2	high
Tageslicht	a2	high
Tagesordnung	b1	high
Tageszeitung	a2	high
Tagung	b1	high
Tai-Chi	b1	high
Taifun	a2	high
Taiwan-Dollar	c2	low
Talk	c2	medium
Talk-Show	a2	high
Talkshow	a2	high
Talkshow-Gast	b1	low
Tandem	a2	high
Tango	a2	high
Tanke	a2	low
Tanker	a2	high
Tannenbaum	a1	high
Tante-Emma-Laden	b1	low
Tanzen	a2	high
Tanzfläche	a2	high
Tanzschule	a2	high
Tapete	a2	high
Tapferkeit	b1	low
Tara	c1	low
Tarif	b1	high
Tarzan	b2	medium
Taschenbuch	a1	high
Taschenrechner	a1	high
Tatbestand	c1	high
Tatort	a2	high
Tattoo	a2	high
Tatverdächtige	b1	high
Tatwaffe	b1	high
Tau	a2	high
Taube	a2	high
Taucher	a2	high
Taufe	b1	low
Tausch	b1	high
Tausender	b1	high
Taxifahrer	a1	high
Teamchef	a2	high
Teamgeist	a2	high
Teamleiter	a2	high
Technik-Panne	b1	low
Techniker	b1	high
Teddy	a1	high
Tee-Ei	b1	low
Tee-Export	b1	low
Teelöffel	a1	high
Teenager	a2	high
Teenie	a2	high
Teilbereich	b1	high
Teilhabe	b2	high
Teilnehmerfeld	b1	low
Teilstück	b1	medium
Teilung	b2	low
Teint	b2	high
Tele	b2	low
Telefonat	a2	high
Telefonbuch	a1	high
Telegramm	b1	high
Teleskop	a2	high
Tell	c2	high
Tempo-30-Zone	a2	low
Tendenz	b2	medium
Tequila	a1	high
Terminus	c1	high
Terrain	b1	high
Territorium	b1	high
Terror	b1	high
Terroranschlag	b1	high
Terrorismus	b1	high
Terrormiliz	b1	high
Testen	b1	low
Testspiel	b1	high
Teufel	b1	medium
Texter	b1	low
Textil	b1	high
Textilien	b1	high
Textur	b1	low
Thai-Restaurant	a1	high
Theaterstück	a2	high
Theke	a2	high
Therapeut	a2	high
Therapeutin	a2	high
Therme	b1	high
Thorax	c1	high
Thread	b1	high
Thriller	a2	high
Thron	b1	high
Thunfisch	a1	high
Tick	b1	medium
Tiefbau	b2	low
Tiefpunkt	b1	low
Tierarzt	a2	high
Tierchen	a1	high
Tierhaltung	b1	high
Tierschutz	b1	high
Tierschützer	b1	high
Tierwelt	b1	high
Tierärztin	a1	high
Tilgung	b2	low
Timer	a2	high
Tinte	a2	high
Tipp	a2	high
Tischler	a2	high
Tischtennis	a1	high
Titelbild	a2	high
Titelblatt	b1	low
To-do-Liste	a2	high
Toaster	a1	high
Todesfall	b1	low
Todesopfer	b1	high
Todestag	b1	high
Todesursache	b1	high
Todesurteil	b1	high
Tofu	a1	high
Ton	a2	high
Tonart	b1	low
Tonfall	b1	high
Tonne	a2	high
Tool	b1	high
Top	a2	high
Top-Level-Domain	b2	low
Topmodel	a2	high
Torf	b1	low
Torhüter	a2	high
Tornado	b1	high
Torpedo	b1	high
Torschütze	a2	high
Torschützenkönig	b1	low
Torwart	a2	high
Totalschaden	b2	low
Toter	b1	high
Touchscreen	a2	high
Tournee	b1	high
Trade-Marketing-Manager	c1	low
Tragfähigkeit	c1	low
Tragödie	b1	high
Trainingslager	b1	low
Trampolin	a1	high
Trance	b1	high
Trance-DJ	c1	low
Trance-Musik	a2	high
Transaktion	b2	high
Transgender	b1	high
Transit	b1	high
Translation	b2	low
Transporter	a2	high
Trash-TV	b1	high
Trasse	b2	low
Trauerfeier	b1	high
Trauerspiel	b1	low
Treff	a2	high
Treibstoff	b1	low
Tresen	a2	medium
Triathlon	b1	high
Tribut	b2	low
Tribüne	b1	high
Trichter	b1	high
Trieb	c1	low
Triebwerk	b2	low
Trigger	b1	high
Trikot	a2	high
Trilogie	b1	high
Trinker	b1	low
Trinkwasser	a2	high
Trio	b1	high
Trip-Hop	c1	low
Tritt	b1	low
Triumph	b1	high
Trocken-Shampoo	a2	high
Trockenheit	b1	high
Trommel	a2	high
Trommeln	b1	high
Tropf	b1	low
Trophäe	b1	low
Trost	b1	high
Trottel	b1	low
Trouble	b1	high
Trubel	b1	high
True-Crime-Fan	b1	high
Truhe	b1	high
Trumpf	b1	medium
Trunk	c1	high
Trupp	b1	high
Truppe	b1	low
Trust	b2	high
Trägheit	b2	low
Tränengas	b1	high
Träumer	a2	high
Tröpfchen	a2	high
Trümmer	b1	high
Tsunami	b1	low
Tube	a2	high
Tuberkulose	b2	low
Tumor	b1	low
Tuning	b1	medium
Tunnel	a2	high
Turnen	a2	high
Turner	b1	low
Turnhalle	a1	high
Tussi	b1	low
Tutorial	b1	high
Tweet	b1	high
Two-Spirit	c2	low
Typhus	b2	high
Tänzerin	b1	high
Täuschung	b2	low
Töpfer	b1	high
Tötung	b2	low
Türkis	a2	high
Türkisch	a1	high
Türsteher	b1	high
U-Bahn-Bau	b1	low
U-Bahn-Station	a1	high
U-Boot	a2	high
U-Boot-Bunker	b2	low
U-Boot-Fahrer	b2	high
U-Boot-Fahrt	b1	low
U-Boot-Flotte	b2	low
U-Boot-Krieg	c1	low
U-Haft	c1	low
UKW-Empfang	b2	medium
UKW-Sender	b2	high
UN-Angabe	b2	high
UN-Einrichtung	b2	high
UN-Generalsekretär	b1	low
UN-Mission	b2	low
UN-Sanktion	b1	high
US-Astronaut	a2	high
US-Forscher	b1	high
US-Geheimdienst	b1	high
US-Helikopter	b1	low
US-Politik	b1	high
US-Schule	b1	low
US-Stützpunkt	b1	medium
US-Unternehmen	b1	high
USB-Kabel	a2	high
UV-Strahlung	b1	medium
Ud	c2	low
Uhrzeigersinn	a2	high
Uhrzeit	a1	high
Uhu	a2	medium
Ukrainer	a2	high
Ultraschall	b1	high
Umbenennung	b1	low
Umbruch	b2	high
Umfang	b2	high
Umgangsformen	b1	high
Umgangssprache	b1	high
Umkehrung	b1	low
Umkreis	b1	medium
Umlaufbahn	b1	medium
Umrisse	b1	high
Umsatzsteuer	b2	high
Umschlag	a2	high
Umschreibung	b2	high
Umschulung	b1	high
Umstand	b2	high
Umstieg	b1	low
Umstrukturierung	b2	high
Umsturz	b1	high
Umweltschützer	b1	high
Unabhängigkeit	b1	high
Unannehmlichkeiten	b1	high
Unbekannte	b1	low
Underground	b1	high
Unding	b2	low
Uneinigkeit	b1	low
Unendlichkeit	b2	low
Unfallort	a2	high
Unfähigkeit	b2	high
Ungar	a2	high
Ungarisch	a1	high
Ungeduld	b1	high
Ungehorsam	b2	high
Ungenügend	b1	low
Ungerechtigkeit	b1	high
Ungewissheit	b1	high
Ungeziefer	b1	high
Unglückliche	b1	medium
Unglücklicher	b1	low
Uniklinik	b1	low
Union	b1	high
Unkraut	a2	high
Unmöglichkeit	b1	high
Unordnung	a2	high
Unrecht	b1	high
Unruhe	b1	high
Unruhen	b2	high
Unschuld	b1	high
Unsicherheit	b1	high
Unterarm	a2	high
Unterbrechung	b1	high
Unterbringung	b2	high
Unterführung	a2	high
Untergang	b2	low
Untergeschoss	a2	high
Untergrund	b1	low
Unterhalt	b2	low
Unterhose	a1	high
Unterkiefer	b1	low
Unterlage	b1	high
Unterlassung	b2	high
Unterleib	b1	high
Unternehmensführung	b2	high
Unterscheidung	b2	high
Unterschlupf	b1	high
Unterstellung	b2	high
Unterstützer	b1	high
Untersuchungsausschuss	c1	high
Untersuchungshaft	c1	low
Untertan	c1	low
Unterton	b2	high
Unterwelt	b1	high
Unterzeichner	b2	high
Unverschämtheit	b1	low
Unverständnis	b2	high
Unwetter	b1	low
Unwissenheit	b1	low
Unzufriedenheit	b2	high
Upgrade	b1	high
Upload	b1	high
Uraufführung	b2	low
Urenkel	a2	high
Urheber	b2	high
Urin	b1	high
Urwald	a2	high
Utopia	b2	high
Utopie	b2	high
V-Ausschnitt	a2	high
V-Formation	b1	low
V-Mann	b2	low
VIP-Bereich	b1	high
VIP-Flug	b1	medium
VIP-Gast	b1	high
VIP-Raum	a2	low
Vagina	b1	high
Vakuum	b2	high
Vampir	a2	high
Van	a2	high
Variation	b1	high
Varietät	c1	high
Vaterland	b2	high
Vaterschaft	b1	low
Vatertag	a2	high
Veganer	b1	low
Ventilator	a2	high
Veranda	a2	high
Veranlassung	b1	low
Veranstaltungsreihe	b1	low
Verantwortliche	b1	high
Verantwortlichkeit	b1	high
Verb	a2	high
Verbandsgemeinde	c1	high
Verbannung	b2	high
Verbesserung	b1	high
Verbeugung	b1	low
Verbraucherschutz	b1	high
Verbraucherzentrale	b1	high
Verbrechen	b1	high
Verbreitung	b2	high
Verbrennungsmotor	b1	high
Verbundenheit	b2	high
Verbündete	b1	high
Verbündeter	b2	high
Verdammter	b1	low
Verdauen	b1	low
Verderben	c1	high
Verdienst	b1	high
Verdrängung	b2	high
Verdächtiger	b1	high
Verehrer	b1	low
Verehrung	b2	high
Vereinheitlichung	b2	low
Vereinsheim	b1	high
Vererbung	b1	high
Verfall	b2	low
Verfasser	b1	high
Verfassungsbeschwerde	c1	high
Verfechter	b2	high
Verfolger	b1	high
Verfügbarkeit	b1	high
Verfügung	b2	low
Vergabe	b2	medium
Vergangene	b2	high
Vergebung	c1	low
Vergessenheit	c1	high
Vergewaltigung	b2	high
Vergiftung	b1	high
Vergütung	b2	high
Verhaltensmuster	b2	high
Verhandlung	b1	high
Verhandlungen	b1	high
Verhungern	b1	high
Verhältnismäßigkeit	b2	low
Verhängnis	c1	low
Verhör	b1	high
Verhütung	b1	medium
Verkauf	a2	high
Verkehrsaufkommen	b1	high
Verkehrspolitik	b2	high
Verkehrsunfall	a2	high
Verknüpfung	b2	high
Verkörperung	b2	high
Verkündigung	c1	high
Verkündung	b2	medium
Verlass	b2	low
Verlassen	b2	low
Verlauf	b2	high
Verlegenheit	b1	high
Verleger	b2	high
Verleih	b1	low
Verleihung	b1	high
Verletzte	b1	high
Verletzter	b1	low
Verlinkung	b1	high
Verlobte	b1	low
Verlobung	b1	low
Verlosung	b1	low
Verlängerung	b1	high
Vermarktung	b2	high
Vermehrung	b1	high
Vermischung	b1	high
Vermutung	b1	high
Vernunft	b2	high
Verringerung	b1	high
Verrückte	b1	high
Versager	b1	high
Versammlungsfreiheit	b1	high
Versand	b1	high
Verschlechterung	b1	low
Verschleierung	b2	low
Verschleiß	b2	high
Verschluss	b1	high
Verschmelzung	b2	low
Verschulden	b2	high
Verschwörung	b1	high
Verschwörungstheoretiker	b2	high
Verschwörungstheorie	b1	high
Versenkung	b2	high
Versorger	b1	high
Verstaatlichung	b2	high
Versteigerung	b1	low
Verstopfung	b1	medium
Verstorbene	b1	low
Verstoß	b2	high
Verstärkung	b1	low
Versuchs-und-Irrtum-Methode	b2	high
Versöhnung	b2	low
Verteidigung	b1	high
Verteidigungsministerium	b1	high
Verteilung	b2	low
Vertiefung	b2	high
Vertikale	b1	high
Vertragsabschluss	b2	high
Vertrauter	b2	low
Vertreibung	b2	high
Vertrieb	b2	high
Verurteilung	b2	high
Verwahrung	b2	low
Verwalten	b2	high
Verwalter	b1	low
Verwaltungsgemeinschaft	b2	low
Verwaltungsgericht	b2	high
Verwaltungskosten	b2	high
Verwaltungsrecht	b2	high
Verwandlung	b1	high
Verwandter	a2	high
Verweigerung	b1	low
Verwunderung	b1	high
Verwundete	b1	low
Verwüstung	b2	high
Verzehr	b2	low
Verzicht	b1	high
Verzweiflung	b1	high
Verzögerung	b1	high
Veränderung	b1	high
Veräußerung	c1	high
Veröffentlichung	b2	high
Vesper	b1	low
Veteran	b1	low
Veto	b1	high
Vetter	c1	medium
Vetternwirtschaft	c1	high
Videomaterial	b1	low
Videospiel	a2	high
Videoüberwachung	b1	high
Vielfaches	b2	high
Vielfalt	b2	high
Vielzahl	b1	high
Vier-Sterne-General	b2	low
Vierbeiner	b1	high
Viertelfinale	a2	high
Viertelstunde	a1	high
Vierter	a2	high
Villa	a2	high
Vintage	b1	low
Vinyl	b1	high
Virus-RNA	c1	low
Visier	b1	low
Visualisierung	b2	low
Vitalität	b1	low
Vitamin-A-Mangel	b2	high
Vitamin-D-Mangel	b2	high
Vizekanzler	b1	high
Vizemeister	b1	low
Vogel-Strauß-Politik	c1	medium
Vokabular	b1	high
Volatilität	c1	low
Volk	a2	high
Volksabstimmung	b1	high
Volksfest	a2	high
Volkskunde	b2	high
Volksmund	b2	low
Volkspark	a2	high
Volksschule	b1	medium
Volksverhetzung	c1	high
Volksvertreter	b1	high
Volkswirtschaft	b2	high
Volkszählung	b1	high
Vollendung	c1	low
Vollgas	b1	high
Vollidiot	b1	high
Volljährigkeit	b1	high
Vollmond	a2	high
Vollpfosten	b1	low
Vollstreckung	c1	high
Vollversammlung	b1	high
Vollzeit	a2	high
Vollzug	c1	low
Vor-Ort-Termin	b2	high
Vorarbeit	b1	low
Vorarlberger	c1	low
Voraussicht	b2	high
Vorbringen	b2	low
Vordenker	b2	high
Vordergrund	b1	high
Vordermann	b1	low
Vorfall	b1	high
Vorfreude	b1	high
Vorführung	b1	high
Vorgabe	b1	high
Vorgehensweise	b2	high
Vorgeschmack	b1	low
Vorgesetzter	b1	high
Vorgänger	b1	high
Vorhang	a2	high
Vorhaut	b1	high
Vorkenntnisse	b1	high
Vorlauf	b2	low
Vormarsch	b2	low
Vormund	b1	high
Vorrang	b2	high
Vorratsdatenspeicherung	c1	high
Vorraum	a2	high
Vorreiter	b2	low
Vorrichtung	b2	high
Vorrücken	b1	low
Vorsaison	b1	high
Vorsatz	b1	high
Vorschuss	b1	high
Vorsitz	b1	high
Vorsitzender	b1	high
Vorsprung	b1	high
Vorstandsmitglied	b1	low
Vorstandsvorsitzende	b1	high
Vorstandsvorsitzender	b2	high
Vorsteher	b1	low
Vorstellungsgespräch	b1	high
Vorstellungskraft	b1	low
Vortag	b1	low
Vorzeigen	b1	low
Vorzug	b1	high
Vulkan	a2	high
Völkermord	b1	high
W-Frage	b2	low
W-Wort	b1	low
WM-Kampf	b1	high
WM-Medaille	a2	high
Wache	b1	high
Wachs	a2	high
Wade	a2	high
Waffenstillstand	b1	high
Wagenknecht	c2	medium
Waggon	a2	high
Wagnis	b2	high
Wahl-Krimi	b2	low
Wahlbezirk	b1	low
Wahlergebnis	b1	high
Wahlgang	b2	low
Wahlhelfer	b1	high
Wahlkreis	b1	high
Wahllokal	b1	high
Wahlperiode	b2	medium
Wahlprogramm	b1	low
Wahlrecht	b1	high
Wahlzettel	b1	high
Wahn	b2	low
Wahnsinn	b1	high
Wahrheitsgehalt	b2	high
Wahrung	b2	high
Waisenhaus	b1	high
Waldbrand	b1	high
Waldorfschule	b1	high
Waldrand	a2	high
Waldstück	a2	high
Walking	a2	high
Wallach	b2	high
Wallfahrtskirche	b2	low
Walzer	b1	low
Wandel	b2	high
Wanderweg	a2	high
Wanne	a2	high
Wappen	b1	low
Warenkorb	b1	high
Warentest	b1	high
Warm-up	a2	low
Warner	b2	low
Warte	c2	low
Wartezimmer	a2	high
Waschbecken	a2	high
Waschlappen	a2	high
Wasserkocher	a1	high
Wasserleitung	a2	high
Wasserqualität	b1	high
Wasserstoff	b1	high
Wassertemperatur	a2	high
Wasserversorgung	b1	high
Wasserwerk	b1	medium
Wasserwirtschaft	b2	low
Wasserzeichen	b1	high
Watt	b1	low
Webcam	a2	high
Webdesign	a2	high
Weben	b1	high
Wechselstrom	b2	low
Weckruf	b1	high
Wedel	b2	low
Wegbereiter	c1	low
Wegfall	b2	high
Weggang	b1	low
Weggehen	b1	high
Wegweiser	a2	high
Weh	c1	low
Wehe	c1	low
Wehr	b2	low
Wehrdienst	b1	low
Weiblichkeit	b1	high
Weiche	c1	low
Weigerung	b1	high
Weihe	c1	high
Weiher	b1	low
Weihnachtsfeier	a1	high
Weihnachtsgeschenk	a1	high
Weihnachtsmarkt	a1	high
Weihrauch	b1	low
Weile	a2	high
Weiler	b2	high
Weinbau	b1	high
Weinberg	a2	high
Weingarten	b1	low
Weingut	b1	low
Weinkeller	a2	high
Weinstein	c2	low
Weinstraße	b1	high
Weisung	b2	low
Weite	b2	low
Weiterentwicklung	b2	high
Weiterfahrt	b1	low
Weitergabe	b1	high
Weiterleitung	b1	high
Weitsicht	b1	high
Weitsprung	a2	high
Weizen	a2	high
Weißer-Kragen-Kriminalität	c1	high
Weißwein	a1	high
Welle	a2	high
Wellen	b1	low
Wellenlänge	c1	high
Wels	b2	low
Weltall	a2	high
Weltanschauung	b2	high
Weltausstellung	b1	high
Weltbevölkerung	b1	high
Weltbild	b2	high
Welterbe	b2	low
Welthandel	b1	high
Weltkarte	a1	high
Weltklasse	b1	high
Weltkulturerbe	b1	high
Weltmeisterschaft	a2	high
Weltpremiere	a2	high
Weltreise	a2	high
Weltsicht	b2	high
Weltspitze	b1	low
Weltwirtschaft	b2	high
Wendepunkt	b1	low
Wer-Fall	b1	low
Werbespot	b1	high
Werdegang	b2	high
Werft	b2	high
Werken	b1	medium
Werkstoff	b1	high
Wertsachen	a2	high
Wertschätzung	b2	high
Wertung	b1	high
Wertverlust	b1	high
Wesentliche	b2	high
Wespe	a2	high
West-Nil-Fieber	c2	high
Westdeutscher	b1	high
Western	b1	high
Wettbewerber	b1	high
Wette	a2	high
Wetten	b1	low
Wetterdienst	a2	high
Wettkampf	a2	high
Wettlauf	b1	high
Whirlpool	a2	high
Whiskey	a1	high
Whisky	a2	high
Wi-Fi	a1	high
Wichtigkeit	b1	high
Widder	b1	high
Widerruf	b2	high
Widersacher	c1	high
Widmung	b1	high
Wiederaufbau	b1	high
Wiederaufnahme	b2	high
Wiedereinführung	b1	low
Wiedergabe	b2	high
Wiedergutmachung	b2	high
Wiederwahl	b1	high
Wiege	b2	low
Wikipedia-Eintrag	a2	medium
Wikipedia-Seite	a2	high
Wildbahn	c1	low
Wilderer	b1	high
Wille	b1	high
Willenskraft	b1	high
Willkür	c1	high
Win-win-Situation	b1	high
Winde	c1	low
Windel	a1	high
Windgeschwindigkeit	b1	low
Windpark	b1	high
Windrad	a2	high
Windrichtung	a2	high
Windschutzscheibe	a2	high
Wink	b1	low
Winterreifen	a2	high
Winterschlaf	a2	low
Winterspiele	a2	high
Winzer	b1	high
Wirbel	b1	high
Wirbelsäule	b1	medium
Wirksamkeit	b2	high
Wirkstoff	b2	high
Wirkungsgrad	b2	high
Wirtschaftlichkeit	b2	high
Wirtschaftsforschung	b2	low
Wirtschaftsgeschichte	b2	low
Wirtschaftskraft	b1	high
Wirtschaftslage	b1	high
Wirtschaftsleistung	b1	high
Wirtschaftspolitik	b2	high
Wirtschaftsrecht	c1	low
Wirtschaftswachstum	b2	high
Wirtshaus	a2	high
Wissensstand	b1	low
Wissenswertes	b1	high
Witterung	b2	low
Witwer	b1	medium
Witz-Erzähler	b1	low
Witze-Erzähler	a2	low
Wochenblatt	b1	low
Wochenstunden	b1	medium
Wochenzeitung	b1	high
Wohlergehen	b2	high
Wohlwollen	b2	high
Wohnfläche	b1	low
Wohngebiet	a2	high
Wohngebäude	b1	low
Wohnhaus	a2	high
Wohnheim	a2	high
Wohnmobil	b1	high
Wohnraum	b2	low
Wohnungsbau	b1	high
Wohnungsnot	b1	high
Wohnungssuche	b1	high
Wohnungstür	a1	high
Wolkenkratzer	a2	high
Work-Life-Balance	b1	high
Workout	a2	high
Wort-Gottes-Feier	c1	low
Wort-für-Wort-Übersetzung	b2	low
Wortwahl	b2	low
Wortwitz	b1	low
Wucht	b2	high
Wunderbares	b1	low
Wunderkind	b1	high
Wunderland	b1	low
Wunschliste	a2	high
Wurf	b1	low
Wurm	a1	high
Wurzel	b1	low
Wutbürger	b2	low
Wächter	b1	high
Wähler	b1	high
Währung	b1	high
Wärter	b1	medium
Wörtchen	a2	medium
Würde	b2	high
Würze	a2	low
X-Beine	b2	low
Yang	c1	low
Yard	b1	low
Yo-Yo	a1	high
YouTube-Kanal	a2	low
Youtuber	a2	high
Zahnersatz	b1	medium
Zahnpasta	a1	high
Zapfen	a2	medium
Zauber	a2	high
Zauberflöte	b1	low
Zauberstab	a1	high
Zauberwort	a2	high
Zebra	a1	high
Zeche	b1	low
Zehn-Cent-Münze	a2	high
Zehner	a2	high
Zehntel	b1	low
Zeitalter	b2	high
Zeitaufwand	b1	high
Zeitfenster	b1	high
Zeitlupe	a2	high
Zeitplan	b1	low
Zeitraum	b1	high
Zeitumstellung	b1	high
Zeitungsartikel	a2	high
Zeitverschwendung	b1	high
Zement	a2	high
Zen	b1	medium
Zentimeter	a1	high
Zentrale	b1	low
Zentralstelle	b2	high
Zeremonie	b1	high
Zerfall	b2	high
Zerschlagung	c1	high
Zerstörer	b2	high
Zerstörung	b1	high
Zeug	b1	medium
Zeugs	a2	high
Ziegen-Yoga	b1	low
Zielen	b2	low
Zielgruppe	b1	high
Zielort	a2	high
Zielsetzung	b2	high
Zigarre	b1	high
Zink	b1	high
Zinssatz	b1	high
Zipfel	b1	high
Zirkel	b1	low
Zitadelle	b1	high
Zivilcourage	b2	high
Zivildienst	b1	low
Zoologie	b1	low
Zucht	b2	high
Zuchthaus	b2	high
Zufahrt	b1	high
Zuflucht	b2	high
Zufluss	b2	high
Zugehörigkeit	b2	high
Zugfahrt	a1	high
Zulassung	b2	high
Zulauf	b2	low
Zulässigkeit	c1	high
Zunahme	b2	high
Zunge	a2	high
Zuordnung	b2	high
Zurückweisung	b1	low
Zusage	b1	high
Zusammenbruch	b1	high
Zusammenführung	b2	medium
Zusammenhalt	b2	high
Zusammenleben	b1	high
Zusammensetzung	b2	high
Zusammenspiel	b2	high
Zusammenstoß	b1	high
Zusatz	b1	high
Zuschnitt	b1	low
Zuschuss	b1	low
Zuspitzung	b2	low
Zustandekommen	b2	low
Zustrom	b2	high
Zutrauen	b2	high
Zutritt	b1	high
Zutun	b2	high
Zuwachs	b2	high
Zuwanderer	b1	high
Zuzug	b2	low
Zwangsarbeit	b1	high
Zwanzig-Euro-Schein	a1	high
Zwei-Cent-Stück	a2	high
Zwei-Mann-Besatzung	b1	low
Zwei-Mark-Schein	b1	low
Zwei-Schichten-Architektur	c2	low
Zweigstelle	b1	high
Zweijährige	a2	high
Zweikampf	b1	high
Zweiter	a2	high
Zwilling	a2	high
Zwillinge	a2	high
Zwischenstopp	a2	high
Zwitschern	a2	high
Zwölf-Schritte-Programm	b2	low
Zylinder	b1	high
Zähler	b1	high
Zählung	b1	medium
Zähneputzen	a1	high
Zöllner	b1	high
Zündung	b2	high
abartig	c1	low
abbauen	b1	low
abbekommen	b1	high
abbilden	b2	high
abbrechen	b1	high
abbremsen	a2	high
abbringen	b2	high
abdecken	a2	medium
abdrehen	b1	high
abendessen	a2	low
abfangen	b1	low
abfinden	b1	low
abfragen	b1	low
abgegrenzt	b2	high
abgehen	b1	medium
abgehoben	b2	high
abgelaufen	b1	high
abgelehnt	b1	high
abgelenkt	b1	high
abgeneigt	b2	high
abgesichert	b1	high
abgesprochen	b1	high
abgetrennt	b1	high
abgezockt	b2	low
abhalten	b1	low
abhauen	b1	high
abhören	b1	low
abkühlen	a2	high
ablaufen	b1	high
ablegen	b1	high
ablesen	b1	low
abliefern	b1	high
abmelden	b1	high
abreißen	b1	high
abrufbar	b1	low
abrufen	b1	low
abschalten	a2	high
abscheulich	b2	high
abschieben	b1	high
abschleppen	b1	high
abschneiden	b1	high
abschrecken	b1	high
absehbar	b2	high
abseits	b1	high
absichtlich	b1	high
absolvieren	b2	high
abspielen	a2	high
absprechen	b1	high
absterben	b1	high
abtreten	b2	low
abwechslungsreich	b1	high
abwegig	b2	high
abwehren	b1	high
abwerfen	b1	high
abwickeln	b1	high
abwischen	a2	high
ach	a1	high
achte	a1	high
achter	c2	high
achtzehn	a1	high
achtziger	a2	high
addieren	a2	high
adoptieren	b1	high
adoptiert	b1	high
adäquat	b2	high
agieren	b2	medium
ahnen	b1	high
ahnungslos	b1	high
akkurat	b1	low
akribisch	b2	high
aktivieren	b1	high
aktiviert	b1	low
aktualisieren	b1	high
akustisch	b1	high
akzeptabel	b1	high
akzeptiert	b1	high
alarmiert	b1	low
allemal	b2	low
allenfalls	c1	low
allergisch	a2	high
allerseits	b1	medium
allesamt	b2	high
alljährlich	b1	high
allseits	b2	low
alltags	b1	high
allzu	b1	high
alphabetisch	a2	high
alpin	a2	low
alsbald	c1	low
altern	b1	low
alternativlos	b2	low
amen	a2	medium
amerikanisch	a1	high
amtlich	b1	high
amüsant	b1	high
amüsiert	a2	high
anal	c1	low
anbauen	a2	high
anbei	b1	high
anbeten	b1	high
anbraten	b1	low
anbrennen	a2	low
anbringen	b1	high
andauern	b1	high
andernfalls	b2	low
andernorts	c1	high
andersrum	b1	high
anderswo	a2	high
andeuten	b1	high
aneignen	b1	high
aneinander	b1	low
anfahren	b1	high
anfertigen	b2	low
anfeuern	b1	high
anfordern	b1	high
anfragen	b1	high
anfällig	b2	high
anfänglich	b1	low
anfühlen	b1	low
angehen	b1	high
angehören	b1	high
angeln	a2	high
angesichts	c1	high
angewidert	b2	high
angezogen	a2	low
angreifbar	b2	low
angreifen	b1	high
angucken	a2	high
anhalten	b1	high
anhängig	c1	low
anlegen	b1	high
anliegen	b2	low
anlocken	b1	low
anmerken	b2	high
anonym	b1	high
anordnen	b1	high
anpacken	b1	high
anreisen	a2	high
anschaulich	b2	low
anschreien	a2	high
ansonsten	b1	high
anstatt	b1	high
anstecken	b1	high
ansteigen	b1	high
anstoßen	b1	high
anstrengen	b1	high
antreffen	b1	high
anvertrauen	b2	high
anwachsen	b1	high
anwendbar	b2	high
anwesend	b1	high
appellieren	b2	low
applaudieren	a2	high
apropos	b1	high
argumentieren	b1	high
armselig	b2	low
arrangieren	b1	high
artig	a2	high
artikulieren	b1	low
asiatisch	a1	high
assi	b1	low
atemberaubend	b1	high
atemlos	b1	high
atmen	a1	high
attackieren	b1	high
aufatmen	b1	low
aufbringen	b2	high
aufdecken	b1	low
aufeinander	b1	medium
aufeinandertreffen	b1	low
auferstehen	b2	medium
auffallen	b1	high
auffassen	b1	high
auffinden	b1	low
auffällig	b1	high
aufführen	b1	high
aufgeladen	b1	low
aufgreifen	b2	high
aufgrund	b2	high
aufholen	b1	low
aufklären	b2	high
aufkommen	b2	medium
auflaufen	b1	high
aufleben	b1	low
auflegen	b1	high
aufrechterhalten	b2	high
aufrichtig	b1	high
aufschneiden	b1	low
aufsehen	b2	medium
aufsteigen	b1	high
aufstellen	b1	high
aufstocken	b2	low
aufsuchen	b1	high
auftauchen	b1	high
auftragen	b1	low
auftreiben	b1	high
aufwenden	b1	high
aufzeigen	b2	low
aufzwingen	b1	high
aufzählen	b1	high
augenblicklich	b1	low
ausatmen	a2	high
ausbauen	b1	high
ausbeuten	b1	high
ausblenden	b1	high
ausbrechen	b1	high
ausbreiten	b1	high
ausdehnen	b1	high
ausdenken	b1	low
ausdrücken	b1	high
ausfällen	c1	low
ausführen	b1	low
ausgebaut	b1	low
ausgebreitet	b1	high
ausgebucht	a2	high
ausgestattet	b1	high
aushandeln	b2	high
aushelfen	b1	high
ausklingen	b2	low
auskommen	b1	high
auslachen	b1	low
auslassen	b1	low
ausleihen	a2	high
ausmalen	b1	high
ausnahmslos	b2	high
ausnahmsweise	b1	high
ausnehmen	b2	high
ausnutzen	b1	high
ausrasten	b1	low
ausreden	b1	high
ausreisen	b1	low
ausrufen	b1	high
aussagen	b1	low
ausschöpfen	b2	low
aussetzen	b2	high
aussichtslos	b1	high
ausspielen	b1	low
ausstehen	b1	low
aussterben	b1	high
ausstrahlen	b1	high
austauschbar	b1	high
austeilen	b1	low
austoben	b1	high
austreten	b1	high
auswechseln	a2	high
ausweichen	b1	high
auswendig	a2	high
auswirken	b2	high
auswärts	a2	high
auszahlen	b1	high
authentisch	b1	high
autonom	b2	high
außergewöhnlich	b1	high
backstage	b1	low
bahnen	b1	low
banal	b1	high
bannen	c1	low
barfuß	a2	high
barrierefrei	b2	high
bass	c2	high
baulich	b1	low
baumeln	b1	high
bayerisch	a2	high
beachtlich	b2	high
bearbeiten	b1	high
beben	b1	high
bedauerlicherweise	b2	high
bedenken	b2	low
bedeutsam	b2	low
bedingungslos	b1	high
bedrohen	b1	high
bedrohlich	b1	high
bedürfen	b2	low
beeindruckend	b1	high
beeindruckt	b1	low
befahrbar	b2	high
befahren	b2	high
befassen	b1	high
befestigen	b1	high
befinden	b1	high
befolgen	b1	high
befreien	b1	high
befremdlich	c1	high
befriedigen	b2	high
begeben	b2	high
begehren	c1	low
begeistern	b1	high
begleichen	b1	high
beglichen	b2	high
beglücken	b2	low
begraben	b1	high
begreifen	b1	low
begutachten	b2	high
beharren	b2	low
beharrlich	c1	high
beheben	b2	high
beherbergen	b1	high
beherrschen	b1	high
behilflich	b1	high
beibehalten	b2	high
beibringen	b1	high
beichten	b1	low
beiderseits	b2	low
beides	a2	high
beidseitig	b1	high
beige	a2	high
beirren	b2	high
beiseite	b1	low
beisteuern	b1	high
beitreten	b1	high
bekanntermaßen	b2	low
bekehren	b2	low
beklagen	b2	low
bekunden	b2	high
beladen	b1	high
belangen	c1	medium
belastbar	b1	high
belastet	b1	high
belaufen	b2	high
beleben	b1	low
beleuchten	b1	low
beliebig	b2	high
belästigen	b1	high
belügen	b1	high
bemalt	b1	low
bemerkbar	b1	low
bemessen	b2	high
bemängeln	b2	low
benachrichtigen	b1	high
benehmen	b1	high
beneiden	b1	high
bequemen	c1	low
berauben	b2	high
bereichern	b2	high
bereinigt	c1	low
bereiten	b1	high
bereitwillig	b1	high
bergab	a2	high
bergauf	a2	high
bergen	b2	low
berüchtigt	b2	high
berühmt-berüchtigt	b1	low
berühren	b1	high
bescheren	b1	low
beschimpfen	b1	high
beschlagnahmen	b2	high
beschleunigen	b1	high
beschmiert	b1	medium
beschreiten	c1	high
beschuldigen	b1	low
beschwören	b2	high
beschützen	a2	high
beseitigen	b2	high
besiedelt	b1	high
besiegen	b1	high
besorgniserregend	b2	high
bessern	b1	high
bestechen	b2	low
besteigen	b1	low
bestens	b1	high
bestimmen	b1	high
bestmöglich	b1	high
bestrebt	b2	high
bestärken	b1	high
beteiligen	b1	high
beteiligt	b1	high
beten	a2	high
betonen	b1	high
betrachten	b1	high
betreiben	b2	high
betten	b2	high
betätigen	b2	medium
beugen	b1	high
beunruhigen	b1	high
beunruhigt	b1	high
bevölkert	b1	high
bewachen	b1	low
bewirken	b2	high
bewirtschaften	b2	high
bewohnen	b1	high
bewundernswert	b1	low
bewusst	b1	high
bewusstlos	b1	high
bezahlbar	b1	low
bezeugt	b2	low
beziehungsweise	b2	high
bezweifeln	b1	high
bezüglich	c1	high
bi	b1	low
biegen	a2	high
bilden	b1	high
bildlich	b2	low
billigen	b2	high
binden	b1	low
bingen	b1	low
bislang	b1	high
blasen	a2	high
blau-weiß-rot	a2	medium
blechen	b1	low
blocken	a2	high
blockieren	b1	high
bloggen	b1	high
blutig	b1	high
bodenständig	b2	medium
bohren	b1	low
bolzen	b1	low
bombardieren	b1	high
booten	a2	high
brauen	b1	high
brav	a2	high
bravo	a1	high
britisch	a1	high
brocken	b2	low
brummen	b1	high
brut	c1	low
brutal	b1	high
brutto	b1	high
bräunlich	a2	high
brüten	b1	high
buchstäblich	b1	high
buchten	c2	low
bummeln	b1	high
bums	a2	low
bumsen	b1	low
bäumen	c1	low
bösartig	b2	high
bücken	a2	high
bündeln	b1	high
bündig	b2	high
bürgen	b2	high
bürgerlich	b2	high
bürgerlich-demokratisch	b2	low
büßen	b2	high
ch-Laut	c1	low
chaotisch	b1	high
charakteristisch	b1	high
chatten	a2	high
chemisch	b1	high
chillen	a2	high
chinesisch	a1	high
chronologisch	b1	high
clean	b1	low
clever	a2	high
cringe	b1	low
dB-Killer	c2	low
dadurch	b1	low
daheim	a2	high
dampfen	a2	high
darum	a2	high
darunter	b1	low
darüber	a2	high
dass-Satz	b1	low
dasselbe	a2	high
dastehen	b1	high
daten	b1	high
dauerhaft	b1	high
davon	a2	low
davor	a2	high
dazugeben	a2	high
dazugehören	b1	high
dazwischen	a2	high
deaktiviert	b1	high
deckungsgleich	c1	low
defekt	b1	high
defensiv	b1	high
definieren	b1	high
dementsprechend	b2	high
demnächst	a2	high
demokratisch	b1	high
demzufolge	b2	high
demütig	b2	high
dennoch	b1	high
depressiv	b1	high
deprimierend	b1	high
derart	b2	high
derartig	b2	high
derbe	b1	high
dergleichen	c1	low
derjenige	b1	low
dermaßen	b2	low
derzeit	b1	high
dessen	b1	low
desto	b1	high
deutsch-amerikanisch	b1	high
deutsch-russisch	a2	high
deutsch-österreichisch	a2	high
dezentral	b2	high
diagnostizieren	b1	low
dienlich	c1	medium
dienstags	a1	high
diesbezüglich	c1	high
dieser	a1	high
diesseits	b2	high
diffamieren	b2	low
diplomatisch	b1	high
diskret	b1	high
distanzieren	b2	low
dominant	b1	high
dominieren	b1	high
doof	a2	high
dotiert	b2	low
downloaden	a2	high
dramatisch	b1	high
drauf	a2	high
dreckig	a2	high
dreieinhalb	a1	high
dreifach	a2	high
dreist	b1	high
dreiviertel	a2	high
dreißig	a1	high
dringen	b2	high
dritteln	b1	medium
drohen	b1	high
drosseln	b2	high
drumherum	a2	medium
drängeln	b1	low
dulden	b2	medium
dummerweise	b1	low
dunkelblau	a1	high
dunkelbraun	a1	high
durchatmen	b1	high
durchaus	b2	low
durchblicken	b1	high
durchdringen	b2	high
durchgehen	b1	high
durchgeknallt	b1	high
durchgreifen	b2	high
durchgängig	b2	high
durchhalten	b1	high
durchlesen	a2	high
durchmachen	b1	high
durchschauen	b1	low
durchschneiden	a2	high
durchsichtig	b1	high
durchsuchen	b1	high
durchweg	b2	low
durchziehen	b2	high
dämlich	b1	high
dürr	b1	medium
düsen	b1	high
ebenda	c1	low
ec-Karte	b1	high
effizient	b1	high
egoistisch	b1	high
eh	b1	high
ehemals	c1	low
eichen	c1	low
eiern	b2	low
eifrig	b1	high
eigenartig	b1	low
eigenhändig	b2	low
eigenmächtig	b2	low
eignen	b1	high
einarbeiten	b1	high
einbauen	b1	low
einberufen	c1	high
einbeziehen	b2	high
einbinden	b2	high
eindrucksvoll	b1	high
eindrücken	b1	high
eineinhalb	a2	high
einfahren	b1	medium
einfließen	b2	high
einfordern	b2	high
einfrieren	a2	high
eingangs	c1	high
eingestehen	b2	high
eingreifen	b2	high
einhalten	b1	high
einher	b2	low
einhundert	a1	high
einige	a2	high
einigen	b1	high
einlaufen	b1	high
einlegen	b1	high
einloggen	b1	low
einmalig	b1	high
einmischen	b1	high
einordnen	b2	low
einparken	a2	low
einplanen	b1	high
einreichen	b1	high
einreisen	a2	high
einräumen	b2	high
einsammeln	b1	high
einschlafen	a2	high
einschlagen	b1	high
einschließen	b1	high
einschreiten	b2	high
einschüchtern	b1	high
einsehen	b1	high
einseitig	b2	low
einsetzbar	b2	high
einsichtig	b1	low
einsperren	b1	high
einspielen	b2	low
einst	c1	low
einstehen	b2	high
einstimmig	b2	high
einstmals	c1	high
einvernehmlich	c1	high
eiskalt	a2	high
ekelhaft	a2	high
eklig	a2	high
elementar	b1	high
elend	b1	low
elfte	a1	high
eliminieren	b1	high
empfehlenswert	b1	high
empfindlich	b1	high
endlos	a2	high
energisch	b1	high
engen	b2	low
entbehren	c1	medium
entfachen	b2	high
entfliehen	b1	high
entführen	b1	high
entgegen	b1	high
entgegennehmen	b1	high
entgegentreten	b2	high
entgegenwirken	b2	high
enthüllen	b1	high
entkommen	b1	high
entkräften	b2	high
entladen	b1	low
entlasten	b2	high
entledigen	b2	low
entlehnt	b2	high
entnehmen	b2	high
entreißen	b2	medium
entrichten	b2	low
entschlüsseln	b1	high
entschärfen	b2	low
entsenden	b2	low
entspannen	a2	high
entstammen	b2	medium
entwerfen	b2	high
entwickelt	b1	high
entziehen	b2	low
entzünden	b1	high
episch	b1	high
erarbeiten	b1	high
erbarmen	c1	low
erben	b1	high
erblicken	b2	low
erbrechen	b1	low
erbärmlich	c1	low
erfahrungsgemäß	c1	high
erfolgen	b2	high
erfolglos	b1	high
erfreuen	b2	low
erfreulich	b1	high
erfreulicherweise	b2	high
erfrieren	b1	high
erfüllt	b1	high
ergehen	c1	low
ergreifen	b2	low
ergründen	b2	low
erhaben	c1	high
erhoffen	b1	high
erholen	a2	high
erhältlich	b1	high
erkaufen	b2	high
erklimmen	c1	high
erklärbar	b1	low
erkranken	b1	high
erkunden	b1	high
erkundigen	b1	high
erkämpfen	b1	low
erlangen	b2	medium
erlassen	b2	medium
erleiden	b1	high
erlernen	b1	high
erliegen	c1	low
erlöschen	c1	high
erlösen	b2	low
ermessen	c1	low
ernennen	b1	high
erneuern	b1	high
ernten	a2	high
erobern	b1	high
erpressen	b2	high
erraten	a2	high
erringen	b2	high
ersatzlos	b2	high
erscheinen	b1	high
erschlagen	b1	low
erschließen	b2	high
erschrecken	a2	high
erschreckt	a2	high
erschweren	b2	high
erschüttern	b1	high
ersichtlich	b2	high
ersparen	b1	high
erstaunlich	b1	high
erstellen	b1	high
ersticken	b1	high
erstmal	b1	low
erstrebenswert	b2	low
erteilen	b2	medium
ertrunken	b1	low
erträglich	b1	high
erwachen	b1	high
erwartungsgemäß	b2	high
erwecken	b2	high
erweisen	b2	high
erweitern	b1	high
erwidern	b1	low
erwählt	c1	low
erwähnen	b1	high
erwähnenswert	b1	low
erwärmen	b1	high
erzwingen	b2	high
eskalieren	b1	high
euch	a1	high
euphorisch	b1	high
evangelisch	b1	high
existieren	b1	high
exklusive	b2	low
exotisch	a2	low
expandieren	b2	high
explodiert	a2	high
fabelhaft	b1	low
fade	b1	low
faktisch	b2	high
familiär	b1	low
farbig	a2	high
farmen	b1	high
fasern	c1	high
fassungslos	b1	high
fatal	b2	high
faulen	b1	high
fechten	b1	low
federführend	b2	low
federn	c1	low
fegen	b1	high
fehl	c1	low
fehlerhaft	b1	high
feierlich	b1	high
feige	b1	high
feind	c1	medium
feindlich	b1	high
feminin	b1	high
fern	a2	high
ferner	b2	low
fernhalten	b1	high
fesseln	b2	low
festigen	b1	high
festlich	a2	high
fetzen	b2	high
feuern	b1	low
fidel	b2	low
fies	b1	high
finanziert	b2	low
finnisch	a1	high
finster	b1	high
fischen	a2	high
fit	a2	high
fix	b1	low
flaggen	b1	low
flammen	b2	high
flanken	b1	medium
flattern	b1	low
flecken	b2	medium
flicken	a2	low
flirten	a2	high
flott	b1	high
fluchen	b1	high
flugs	c1	low
flächendeckend	b2	low
flüssig	b1	low
flüstern	a2	high
fohlen	c2	high
fokussieren	b1	low
folgendermaßen	b2	high
formal	b2	high
fortfahren	b1	high
fossil	b1	high
fraglich	b1	high
französisch	a1	high
freigeben	b1	low
freitags	a1	high
fremdgehen	b1	high
freudig	a2	high
freundschaftlich	b1	high
fristen	c1	high
fristgerecht	b2	low
fromm	b1	high
frontal	b1	high
fruchtbar	b1	high
frühzeitig	b1	high
fundamental	b2	high
fungieren	b2	high
funktional	b1	high
futsch	b1	high
fächern	c1	low
fähig	b1	high
fällen	b1	high
fälschlicherweise	b2	low
färben	b1	high
förderlich	b2	high
fügen	b2	low
fündig	c1	low
fünfmal	a1	high
fünfzehn	a1	high
füreinander	b1	low
fürstlich	b1	low
gaga	b1	high
ganzjährig	b1	high
gay	b1	low
gebremst	b1	medium
gebühren	c1	low
gedanklich	b1	high
gedeihen	b2	high
gedulden	b1	high
gefesselt	b2	high
gefragt	b1	low
gegebenenfalls	b2	high
gegenwärtig	b2	high
gegenüberstehen	b2	medium
gegrillt	a2	high
gehetzt	b2	high
gehörig	b2	high
geil	b1	medium
geilen	c1	low
geistig-seelisch	b2	low
geizig	b1	high
gekippt	b1	high
gekonnt	b1	high
gekühlt	a2	high
gelaunt	b1	high
gelb	a1	high
gelb-weiß	a2	high
gelblich	a2	high
gelegentlich	b1	low
gemach	c1	low
gemeinschaftlich	b2	high
gemäßigt-liberal	b2	low
generieren	c1	low
generiert	b1	low
genetisch	b2	high
gentechnisch	b2	high
genüsslich	b1	low
geprägt	b2	low
geradewegs	b1	high
gereinigt	a2	high
gerichtlich	b1	low
geringfügig	b2	high
gerundet	b1	low
gesamt	a2	high
geschafft	b1	low
gescheit	b1	high
geschmacklos	b1	high
geschmückt	a2	high
geschwungen	b1	low
geschädigt	b1	high
geschäftlich	b1	high
geschützt	b1	high
gesellschaftlich-nützlich	b2	high
gespielt	b2	high
gestalten	b1	low
gestatten	c1	high
gestehen	b1	high
gestellt	b2	low
gesunden	c1	low
gesundheitlich	b1	high
getippt	a2	high
getreu	b2	low
getrocknet	a2	high
getrost	b2	high
getrübt	b1	low
gewaltig	b2	high
gewappnet	c1	medium
gewichten	b2	high
gewillt	c1	high
gewinnbringend	b2	high
gewissenhaft	b2	high
gewissermaßen	b2	high
gewähren	b2	low
gewöhnungsbedürftig	b1	low
gipfeln	b2	low
glasklar	b1	low
glaubwürdig	b2	high
gleichauf	b2	high
gleichen	b1	low
gleichgültig	b1	high
gleichsam	c1	high
gläsern	b2	low
glätten	b1	high
glücklicherweise	b2	low
gnadenlos	b2	high
golden	a2	high
gottseidank	b1	low
grandios	b1	high
greifbar	b2	high
grenzen	b1	low
grenzenlos	b1	high
griechisch	a2	high
griechisch-amerikanisch	a2	high
grob	b1	high
grotesk	b2	high
großflächig	b1	high
großteils	b1	low
gruselig	a2	high
grübeln	b1	high
grün-weiß-rot	a2	medium
gurken	b1	low
gänzlich	b2	high
göttlich	b1	high
gütig	b1	high
h-Index	c2	high
hacke	b1	low
hager	b2	medium
haken	b1	high
halbwegs	b1	high
hallen	b2	high
halt	b1	low
handeln	b1	high
handschriftlich	a2	low
handwerklich	b1	high
happen	b1	low
harmlos	b1	high
hartnäckig	b1	high
hastig	b1	high
haufenweise	b1	low
hauptberuflich	b1	medium
hauptsächlich	b1	high
hausen	b1	low
haushalten	b2	high
hautnah	b1	high
hebräisch	b1	high
hecken	b2	low
heftig	b1	high
heikel	b1	high
heil	b1	low
heilen	a2	high
heilig	b1	high
heiligen	c1	low
heimisch	b1	high
heiser	b1	high
hektisch	b1	low
helle	b1	low
hellwach	a2	high
hemmungslos	b2	high
herab	c1	high
herauf	a2	medium
heraus	a2	high
herausgeben	b1	high
herausholen	b1	high
herauskommen	a2	high
herausstellen	b2	high
herb	b1	low
herbei	b2	low
herhalten	b2	low
herkommen	a2	low
herrschen	b1	high
herum	a2	high
herumlaufen	a2	high
herunter	a1	high
herunterladen	b1	high
hervorheben	b1	high
herzen	c1	high
herüber	b1	medium
hessisch	b1	low
heulen	b1	high
heutzutage	b1	high
hexen	b1	low
hierfür	a2	high
hierin	c1	high
hiervon	b1	low
hierzu	b2	high
hierzulande	b2	high
hierüber	b2	high
hihi	a1	high
hilflos	b1	high
himmlisch	b1	low
hinauf	a2	high
hinausgehen	b1	high
hinauslaufen	b1	high
hinbekommen	a2	high
hindurch	b2	high
hingegen	b2	high
hingehen	a2	high
hinhalten	b1	medium
hinken	b1	low
hinlegen	a2	high
hinlänglich	c1	low
hinnehmen	b2	high
hinsichtlich	c1	high
hintereinander	a2	high
hinterfragen	b2	high
hinterlegen	b1	low
hinunter	a2	high
hinweg	b2	low
hinziehen	b1	high
hinzufügen	b1	high
hinzukommen	b1	high
hinzunehmen	b2	high
hinüber	b1	high
hip	b1	high
hochfahren	b1	low
hochgradig	b2	high
hochladen	a2	high
hochwertig	b1	high
hocken	b1	high
hoffnungslos	a2	high
hohl	b1	low
homo	b1	low
homogen	b2	low
homosexuell	b1	high
hopfen	c2	low
horizontal	b1	high
horten	b1	low
huch	a2	high
hui	a1	high
human	b2	high
humorvoll	a2	high
hundert	a1	high
hundertmal	a2	high
hundertprozentig	a2	high
hunderttausend	a1	high
hungern	b1	high
hypothetisch	b2	high
hysterisch	b1	high
hämmern	b1	low
höchst	b2	high
höchstpersönlich	b1	low
höllisch	b1	low
hüllen	b2	low
hüpfen	a1	high
idealerweise	b1	high
identifizieren	b2	low
identisch	b1	high
idiotisch	b1	high
ihrerseits	b2	high
ihresgleichen	c1	medium
illustrieren	b1	low
immerhin	b1	high
immun	b1	low
impfen	a2	high
implementieren	b2	high
improvisieren	b1	high
improvisiert	b1	low
inaktiv	b1	high
inakzeptabel	b1	high
inbegriffen	b1	high
indessen	c1	low
indisch	a1	high
industriell-technisch	b2	high
ineinander	b1	low
infizieren	b1	high
informativ	b1	high
inkompetent	b1	high
inmitten	b1	high
insgeheim	b1	low
insofern	b2	high
insoweit	c1	high
inspirieren	b1	high
instabil	b1	high
instant	a2	medium
instinktiv	b1	low
instrumental	b2	medium
instrumentalisieren	b2	low
inszenieren	b2	high
integriert	b2	high
intellektuell	b1	high
intensivieren	b2	high
interessanterweise	b1	high
intern	b1	high
intuitiv	b1	low
intus	c1	low
inwieweit	b2	high
irgendein	a2	high
irgendeiner	a2	high
irgendwas	a2	high
irgendwelcher	a2	high
irgendwie	a2	high
irgendwo	a2	high
irgendwoher	a2	high
irgendwohin	a2	high
irrational	b2	high
irren	b1	high
islamisch	a2	high
isolieren	b1	high
italienisch	a1	high
jahrzehntelang	b1	high
japanisch	a1	high
jawohl	a2	high
jedenfalls	b1	high
jedermann	b1	high
jedesmal	a1	low
jeglicher	c1	high
jenseits	b2	high
jubeln	b1	high
jucken	a2	high
jugendlich	a2	high
jungen	c1	low
juristisch	b2	high
just	c1	low
jäh	c1	high
jährlich	a2	high
jüdisch	a2	high
jüdisch-arabisch	b2	low
jüngst	b2	high
kacken	b1	low
kahl	a2	high
kalkulieren	b1	high
kandidieren	b1	high
kanten	c1	low
kapern	b2	medium
kapieren	b1	high
kapital	b2	low
kapiteln	b2	low
kapseln	b2	low
kardinal	c1	high
karten	b1	low
kassieren	b1	high
kastriert	b1	low
keck	b2	low
keimen	b1	high
keineswegs	b1	low
kenntlich	b2	medium
kennzeichnen	b2	high
ketten	b2	low
kiefern	b1	low
killen	b1	high
kinderleicht	a2	high
kindisch	b1	high
kirchlich	b1	high
kitschig	b1	high
klammern	b1	high
klappern	a2	low
klarkommen	b1	low
klarmachen	b1	high
klassisch	b1	high
klatschen	a2	high
klauen	b1	high
kleiden	b1	low
kleinlich	b2	high
klemmen	b1	medium
knabbern	a2	high
knallhart	b1	high
knoten	a2	high
kolben	c2	high
kombinieren	b1	high
kombiniert	b1	high
komfortabel	b1	high
komischerweise	b1	high
kompakt	b1	low
kompatibel	b2	low
kompetent	b1	high
komponieren	b1	high
kompromisslos	b1	high
konform	b2	low
konfrontieren	b1	high
konkret	b1	high
konkurrenzfähig	b1	high
konservativ	b1	high
konstruieren	b1	low
kontaktieren	b1	high
kontern	b1	high
kontra	b1	high
kontrolliert	b1	high
kontrovers	b2	high
konventionell	b1	low
konvertieren	b1	high
konzentrieren	b1	high
koordinieren	b1	high
koppeln	b1	low
koreanisch	a1	high
korrupt	b1	high
kostbar	b1	high
kostenpflichtig	b1	high
kotzen	b1	low
krampfhaft	b1	low
kranken	b2	low
krass	b1	high
kratzen	a2	high
kreieren	b1	high
kreischen	b1	high
kreisen	b1	high
kriechen	b1	high
krönen	b1	high
kugeln	b1	high
kunstvoll	b1	high
kurios	b1	low
kurven	b1	low
kurzum	b2	high
kurzzeitig	b1	high
kuschelig	a2	high
kuscheln	a2	high
kölsch	b1	low
köpfen	b1	medium
körperlich	a2	high
kühlen	a2	high
lagern	b1	high
lala	a2	medium
landesweit	b1	high
landschaftlich	b1	high
landwirtschaftlich	b1	high
langfristig	b1	high
langweilen	a2	high
lass	c1	low
lasten	b2	high
lateinisch	b1	high
lateinisch-katholisch	c1	low
latent	b2	high
lau	b1	high
lauern	b1	high
lauschen	b1	low
lauten	b1	high
lauter	c1	low
lauthals	b1	low
lautlos	b1	high
lautstark	b1	high
lavendel	a2	high
lebenslänglich	b1	high
lebhaft	b1	high
leck	b1	low
lecken	a2	low
lediglich	b2	high
leeren	a2	high
legalisieren	b2	high
legitim	b2	high
lehrreich	b1	high
leinen	b1	low
lenken	b1	high
lesbar	b1	low
lesbisch	b1	low
lesenswert	b1	high
letztlich	b2	high
leuchten	a2	high
leugnen	b1	high
liberal	b1	high
liebenswert	b1	high
liebenswürdig	b1	low
liebevoll	b1	high
liken	b1	low
lind	c1	low
linden	c1	low
linear	b2	low
linken	b2	medium
linsen	c1	high
literarisch	b1	high
live	a2	high
locken	b1	high
lockern	b1	high
logischerweise	b1	high
logo	b1	low
lokalisieren	b2	high
lose	b1	high
losgehen	a2	high
losgelöst	b2	high
loslassen	b1	high
lost	b1	high
loswerden	b1	high
loyal	b1	high
lukrativ	b1	high
lutschen	a2	high
lächerlich	b1	high
ländlich	b1	high
länglich	b1	low
längs	b1	low
löchern	b2	high
lösbar	b1	high
lückenlos	b1	high
lüften	b1	high
magisch	b1	high
mahlen	a2	low
mahnen	b2	low
managen	b1	high
mangelhaft	b1	high
mangels	c1	high
manipulieren	b2	high
marginal	b2	high
maritim	b2	high
markant	b1	high
marode	b2	low
marschieren	a2	high
maskulin	b1	low
massenhaft	b1	high
massenweise	b1	high
massiv	b1	high
materiell-rechtlich	c1	low
matt	b1	low
mauern	b1	low
maßgebend	b2	low
maßlos	b2	low
mechanisch	b1	high
medial	b2	high
meditieren	b1	low
medium	a2	high
medizinisch	a2	high
mehrfach	a2	high
mehrmals	a2	high
meiden	b1	high
meilenweit	b1	medium
meinerseits	b2	low
melken	a2	high
mengen	b2	low
mental	b1	high
merklich	b2	high
messbar	b2	low
meßbar	b2	high
milde	b1	high
minder	c1	medium
minderjährig	b1	high
mindern	b2	high
minimieren	b1	high
mint	b1	low
miserabel	b1	high
missen	c1	high
missfallen	b1	high
misstrauen	b1	low
missverstehen	a2	low
mitbekommen	b1	high
mitbestimmen	b1	high
mitgehen	b1	low
mithilfe	b1	high
mitlaufen	b1	medium
mitlesen	b1	high
mitmischen	b1	high
mitnichten	c1	high
mitreißen	b2	high
mitsamt	c1	high
mitschuld	b2	low
mitsingen	a2	high
mitspielen	b1	high
mitteln	c1	low
mittels	c1	high
mittendrin	b1	low
mittig	b1	high
mittragen	b1	high
mittwochs	a1	high
mitwirken	b1	high
mißachten	b2	low
mobilisieren	b2	high
moderat	b1	low
moderieren	b1	high
modernisieren	b1	low
momentan	a2	high
monatelang	b1	high
monoton	b1	low
montieren	b1	low
morden	b1	high
motivieren	b1	high
motiviert	b1	low
mundtot	b2	low
munter	b1	low
murmeln	b1	high
mustern	b2	low
mutmaßlich	b2	high
mutwillig	b2	high
mähen	a2	high
mäßigen	b2	high
möglicherweise	b1	high
mühen	b2	low
münzen	c1	low
nachempfunden	b2	high
nachgefragt	b1	high
nachgehen	b1	low
nachgewiesen	b2	low
nachhause	a1	high
nachlassen	b1	high
nachlegen	b1	medium
nachlesen	b1	high
nachmachen	a2	high
nachmittags	a1	high
nachsehen	a2	low
nachvollziehbar	b2	high
nachweisbar	b2	high
nackt	a2	high
nadeln	c1	low
nahen	c1	medium
nahezu	b2	high
nahtlos	b1	high
naiv	b1	high
nana	a2	low
nanu	a2	medium
narrativ	b2	high
national	a2	high
nebeneinander	a2	high
nebenher	b1	low
nebensächlich	b1	low
nebst	c1	high
neidisch	b1	high
netzen	c1	high
netzwerken	b2	low
neuerdings	b1	high
neuerlich	c1	low
neunziger	a2	high
neutral	b1	high
nicht-deutsch	b1	low
nichtig	b2	low
nicken	a2	high
nieder	c1	low
niederlassen	b1	high
niedlich	a2	high
nieten	b2	high
nobel	b2	high
nochmal	a2	high
nominieren	b1	high
nonstop	a2	high
nordwestlich	a2	high
notfalls	b1	high
notgedrungen	b2	high
notwendigerweise	b2	high
nudeln	c1	low
null-acht-fünfzehn	b2	low
nutze	c2	low
nähern	b1	high
nötigen	b2	low
o-Laut	c2	high
obendrein	b2	high
oberhalb	b1	high
oberst	b2	low
objektiv	b2	low
obligatorisch	b2	high
obsolet	c1	high
ochsen	b1	medium
off	b1	low
offenlegen	b2	low
oh	a1	high
ohnmächtig	b1	high
oho	a2	high
operativ	b2	low
opfern	b1	high
optimieren	b1	high
optisch	b1	low
oral	b1	medium
ordern	b1	medium
ordnungsgemäß	b2	high
orientieren	b1	low
orientiert	b1	low
originell	b1	high
outen	b1	high
pH-Wert	b2	medium
paaren	b1	high
paarmal	b1	low
paarweise	b1	high
panisch	b1	high
panzern	b2	high
papieren	c1	medium
parteilos	b1	high
partiell	b2	high
partout	b1	low
passiert	b1	low
passiv-aggressiv	b1	high
patent	b2	low
pauken	b1	high
pausenlos	b1	high
pennen	b1	low
perfide	c1	low
permanent	b1	high
pervers	b1	high
pflücken	a2	high
pfui	a2	high
philosophisch	b2	high
physikalisch	b1	low
physisch	b1	high
phänomenal	b1	low
pilgern	b1	high
pinkeln	a2	high
pissen	b1	high
plagen	b1	low
planmäßig	b1	low
plastisch	b2	low
platzen	b1	high
platzieren	b1	high
plus	a1	high
plädieren	b2	high
pochen	b1	low
polar	b2	high
polieren	a2	high
politisch-ideologisch	c1	medium
polnisch	a2	high
potentiell	b2	high
pragmatisch	b2	high
prahlen	b1	low
praktizieren	b2	high
prall	b1	low
prallen	b1	high
predigen	b1	low
preisgeben	b2	high
preislich	b1	high
pressen	b1	high
preußisch	b1	low
primitiv	b1	high
prinzipiell	b2	low
problematisch	b1	high
produktiv	b1	high
profilieren	b2	high
profitabel	b1	high
profitieren	b1	high
progressiv	b2	high
prominent	b1	high
prompt	b2	low
proportional	b2	high
provisorisch	b1	low
provokant	b1	high
prozentual	b1	high
prächtig	b2	low
prägnant	b2	low
präsent	b1	high
präzise	b1	low
prügeln	b1	high
psychisch	b1	high
psychologisch	b1	high
publik	b1	high
publizieren	b2	high
publiziert	b2	low
puff	a2	high
punktuell	b2	high
pusten	a2	high
pädagogisch	b1	low
quadratisch	a2	high
qualifizieren	b1	high
qualitativ	b2	high
quatschen	b1	low
quer	b1	high
quetschen	b1	low
radikal	b2	low
rammen	b1	high
rangehen	b1	high
rank	c2	high
ranken	b1	high
rapid	b2	high
rar	b1	high
rasch	b1	high
rassistisch	b1	high
ratlos	b1	high
rau	b1	high
raus	b1	high
rausfinden	a2	high
raushalten	b1	low
rauskommen	a2	medium
rauslassen	b1	low
rausschmeißen	b1	high
real	b1	high
recherchieren	b1	high
rechnerisch	b2	low
rechtens	c1	low
rechtswidrig	b2	high
rege	b2	high
registrieren	b1	high
regulieren	b2	high
regulär	b1	high
reibungslos	b2	low
reichlich	b1	high
reihen	b2	low
reimen	b1	high
reinziehen	b1	low
reizen	b1	high
rekonstruieren	b2	high
relevant	b2	high
religiös-ideologisch	b2	low
repräsentieren	b1	high
respektieren	b1	high
respektive	c1	low
resultieren	b2	low
revidieren	b2	high
revidiert	b2	high
revolutionär	b1	low
rheinisch	b1	medium
rhetorisch	b2	high
rhythmisch	b1	high
richten	b1	high
rigoros	b2	high
ringen	b2	low
rings	b2	medium
ringsum	a2	low
riskieren	b1	high
rittern	c1	low
ritual	b2	low
ritzen	b1	high
robust	b1	high
rocken	b1	low
roden	b2	high
rollen	a2	high
rosa	a1	high
rot-grün	b2	low
rot-rot-grün	c1	medium
rot-weiß	a2	high
rot-weiß-rot	b1	low
ruhen	a2	high
ruinieren	b1	high
rumsitzen	b1	high
runden	b1	high
rundweg	c1	high
russen	c2	low
russisch	a1	high
rutschen	a2	high
rußen	c2	low
rächen	b1	low
rändern	c1	low
rätseln	b1	low
räumen	b1	low
röhren	c2	low
römisch-deutsch	c1	low
röntgen	b1	high
rötlich	a2	high
rüberkommen	b1	low
rückblickend	b2	low
rückfragen	b1	low
rückläufig	b2	high
rüde	b2	high
rügen	b2	low
rütteln	b1	high
salonfähig	b2	low
sanft	b1	high
sanieren	b1	high
sarkastisch	b1	high
saugen	a2	high
sausen	b1	medium
schachteln	b2	low
schamlos	b1	low
schaufeln	b1	high
schaukeln	a2	high
schauspielern	b1	low
scheiße	b1	high
scheißegal	b2	low
scheißen	b1	high
scherben	c1	low
scherzhaft	b1	low
schichten	b1	low
schier	c1	low
schiffen	b1	low
schildern	b1	high
schlafend	a2	high
schlank	a2	high
schleichen	b1	high
schleifen	b2	low
schlendern	b1	low
schleppen	b1	high
schleudern	b1	high
schlicht	b1	high
schlichten	b2	high
schlichtweg	b2	high
schlimmstenfalls	b1	low
schlucken	a2	high
schlussendlich	b2	high
schlüpfen	b1	high
schmackhaft	b1	low
schmal	a2	high
schmeißen	b1	medium
schmelzen	a2	high
schmerzfrei	a2	high
schmerzhaft	a2	high
schminken	a2	high
schmuck	c1	low
schmuggeln	b1	high
schmunzeln	b1	high
schnappen	b1	high
schnarchen	a2	high
schnellen	b2	low
schnellstens	b1	low
schnellstmöglich	b1	high
schnüren	b1	low
schonen	b1	high
schrauben	a2	high
schrecken	b1	low
schreiten	c1	high
schriftstellern	b2	low
schrittweise	b1	high
schrumpfen	b1	high
schräg	b1	high
schuften	b1	high
schultern	b2	low
schuppen	c1	low
schutzlos	b2	high
schwarz-gelb	b2	low
schwarz-grün	b2	high
schwarzweiß	b1	low
schwedisch	a1	high
schweifen	c1	high
schweißen	b1	medium
schwenken	b1	high
schwerlich	c1	low
schwerpunktmäßig	b2	low
schwinden	b2	high
schwingen	b1	high
schwächen	b1	high
schwärmen	b1	high
schwören	b1	high
schädigen	b1	low
schälen	a2	high
schärfen	a2	high
schönen	c2	low
schüren	b2	low
scrollen	b1	low
sechsmal	a1	high
sechzig	a1	high
sechziger	a2	low
segeln	b1	high
segnen	b1	high
seinerseits	b2	high
seitens	c1	high
seither	b2	medium
seitlich	a2	high
sekundär	b2	high
selbstbestimmt	b2	low
selbstständig	b1	high
seltsamerweise	b2	high
senken	b1	high
sensationell	b1	low
separat	b1	high
serienmäßig	b2	high
seriös	b1	high
servieren	a2	high
seufzen	b1	low
sexy	b1	low
shoppen	a2	low
sichergestellt	b2	low
sicherheitshalber	b1	high
sichten	b1	low
sichtlich	b1	low
sieben	b2	low
siebzig	a1	high
siebziger	a2	high
siegreich	b1	low
simpel	b1	low
single	a2	high
sinnen	c1	high
sinngemäß	c1	low
sinnlich	b2	low
skeptisch	b1	high
sofern	b2	high
sogleich	c1	high
sohlen	c1	low
solang	b1	low
solar	b2	low
solid	b1	low
solidarisch	b1	high
solide	b1	high
sommerfest	b2	low
sommers	c1	medium
sonderbar	b1	high
sonderlich	b1	low
sonnen	a2	low
sonntags	a1	high
sorgfältig	b1	high
sorglos	b1	low
sorgsam	b1	high
sortieren	a2	high
soweit	b1	low
sozialistisch	b1	low
spalten	b1	high
spanisch	a1	high
spannen	b1	high
spaten	c2	low
speisen	c1	low
spektakulär	b1	high
spekulieren	b1	high
spendieren	b1	low
spezifisch	b2	high
spielerisch	b1	high
sporadisch	b2	low
sporen	c1	low
sprachlich	b1	high
sprengen	b1	high
spulen	b1	low
spuren	b2	low
spärlich	b1	low
staatlich	b1	high
standardmäßig	b1	low
standhaft	b2	high
starr	b1	high
starren	b1	high
stationär	b2	high
stattdessen	b1	high
staunen	b1	high
stehenbleiben	a2	high
steif	b1	low
stellenweise	b2	medium
stetig	b2	low
stets	c1	low
steuerfrei	b1	high
steuerlich	b2	high
stier	c1	low
stiften	b1	low
stillen	b1	high
stilvoll	b1	low
stolpern	a2	high
stopfen	b1	high
strafen	b1	high
straff	b2	low
straffen	b1	low
straffrei	c1	high
strafrechtlich	c1	low
strahlen	b1	low
strahlend	b1	high
strategisch	b2	high
streamen	b1	high
streben	b2	high
strecken	a2	high
streichen	b1	high
streifen	b2	low
stressig	a2	high
strikt	b1	high
strittig	b2	high
strukturiert	b1	low
strömen	b1	low
stumpf	b1	high
stunden	c1	low
stundenlang	a2	high
stutzen	b1	low
stärken	b1	high
stöhnen	b1	low
störend	b1	low
stündlich	a2	high
stürmisch	b1	high
suboptimal	b2	high
subtil	b2	high
superior	c2	low
supi	a2	high
suspekt	b1	high
symbolisieren	b2	high
symmetrisch	b1	high
symptomatisch	b2	high
syrisch	a2	high
säen	a2	high
säubern	a2	high
südwestlich	a2	high
südöstlich	a2	high
tabu	b1	high
tagen	b2	high
tags	b2	low
tagsüber	a2	high
tagtäglich	b1	low
taktisch	b1	high
talentiert	b1	high
tapfer	b1	high
tappen	b2	high
tarnen	b1	high
tasten	b1	high
tatkräftig	b1	low
taufen	b1	high
taugen	b1	high
tausendfach	b1	medium
tausendmal	a2	low
teilweise	b1	high
telefonisch	b1	high
tendenziell	b2	high
tendieren	b2	high
textil	b1	high
thematisch	b2	high
theologisch	c1	high
tilgen	b2	low
tischen	b2	low
tja	a2	high
toben	b1	high
tollen	b1	low
touren	b1	high
trans	b1	low
trauern	b1	high
traumatisiert	b1	high
traumhaft	b1	low
triggern	b1	high
trollen	b1	low
trotzig	b1	high
träge	b1	low
tränen	b1	medium
trübe	b1	high
trüben	b2	high
turnen	a2	high
typischerweise	b1	high
täglich	a2	high
tätigen	b2	low
tätowiert	b1	high
tönen	b1	high
tüchtig	b1	low
türken	c1	low
türkis	a2	high
türmen	b1	medium
umbauen	b1	high
umbringen	b1	high
umdenken	b2	high
umfahren	b1	medium
umgangssprachlich	b1	high
umgeben	b1	high
umhin	c1	high
umhüllt	c1	low
umrühren	a2	high
umsehen	a2	high
umsetzbar	b2	high
umständlich	b2	high
umwerfend	b1	high
unabdingbar	c1	high
unabhängig	b1	high
unabsichtlich	b1	high
unangebracht	b2	high
unangemessen	b1	high
unanständig	b1	high
unantastbar	b2	high
unattraktiv	b1	low
unauffällig	b1	high
unbeantwortet	b1	low
unbedeutend	b1	high
unbegreiflich	b2	low
unbekannt	a2	high
unbequem	a2	high
unberechenbar	b1	high
unberechtigt	b1	high
unbeschreiblich	b1	high
unbeschwert	b1	low
unbesetzt	b1	high
unbestritten	b2	high
unbezahlbar	b1	low
unbrauchbar	b1	high
undenkbar	b1	high
unerbittlich	c1	high
unerfahren	b1	high
unerheblich	b2	high
unerhört	b2	high
unerkannt	b1	low
unerlaubt	b1	high
unermüdlich	b2	high
unerwartet	b1	high
unerwünscht	b1	high
unfassbar	b1	high
unfreiwillig	b1	high
unfreundlich	a2	high
unfähig	b1	high
ungarisch	a2	high
ungeachtet	c1	high
ungefährlich	a2	high
ungeheuer	b2	medium
ungehorsam	b1	low
ungeklärt	b1	high
ungelöst	b1	low
ungemütlich	b1	high
ungeniert	b2	high
ungerade	a2	high
ungeschickt	a2	high
ungestraft	c1	high
ungewollt	b1	low
unglaubwürdig	b1	high
ungleich	b1	high
unglücklich	a2	high
unglücklicherweise	b1	low
ungültig	b1	high
ungünstig	b1	high
unheilbar	b2	high
uninteressant	a2	high
unkontrolliert	b1	low
unkritisch	b2	low
unmittelbar	b2	high
unmöglich	a2	high
unnatürlich	b1	high
unnütz	b1	high
unpassend	b1	high
unprofessionell	b1	low
unrealistisch	b1	high
unrechtmäßig	b2	low
unruhig	a2	high
unschlagbar	b1	high
unschlüssig	b1	high
unschuldig	b1	high
unsicher	a2	high
unsichtbar	a2	high
unsinnig	b1	high
unspektakulär	b1	low
unstrittig	b2	high
unterbinden	b2	low
unterbringen	b1	high
unterdessen	b1	high
unterdrücken	b1	high
untere	a2	high
unterfangen	c1	high
untergraben	b2	high
unterhalb	b1	low
unterkommen	b1	low
unterlaufen	b2	high
unterliegen	b2	high
unterschätzen	b1	high
unterstehen	b2	medium
unterstellen	b2	high
untertauchen	b1	high
unterteilen	b2	high
untertiteln	b1	high
unterwandert	b2	high
unterwerfen	b2	high
unterziehen	b2	low
untragbar	b1	high
untrennbar	b2	high
untypisch	b1	high
untätig	b1	low
ununterbrochen	b1	high
unverbindlich	b2	high
unvereinbar	b2	high
unvergessen	b1	high
unvergeßlich	a2	high
unverhofft	b2	high
unverkennbar	b2	low
unverletzt	a2	high
unvermeidbar	b2	low
unvermeidlich	b2	high
unverschämt	b1	high
unverzichtbar	b2	high
unverändert	b1	high
unvollständig	b1	high
unvorbereitet	b1	high
unwahrscheinlich	b1	high
unweigerlich	b2	high
unweit	b2	high
unwesentlich	b2	high
unwichtig	a2	high
unwissend	b1	high
unwohl	a2	high
unwürdig	b1	low
unzufrieden	a2	high
unzuverlässig	b1	high
unübersehbar	b1	low
unübersichtlich	b2	high
unüblich	b1	high
uralt	a2	high
urheberrechtlich	b2	high
ursächlich	b2	high
urteilen	b1	high
vage	b1	high
vanille	b2	low
variabel	b1	high
variieren	b1	high
veggie	b1	low
vehement	c1	high
verabreichen	b2	low
verabschiedet	b2	high
verachten	b1	low
verankern	b1	low
veranlassen	b2	high
veranstalten	b1	high
verantworten	b1	high
verantwortungsvoll	b1	high
verarbeiten	b1	high
verbittert	b1	low
verblassen	b1	low
verblasst	b1	high
verbleiben	b2	low
verblüfft	b1	high
verbockt	b1	medium
verbrechen	b2	low
verbreitet	b1	high
verbünden	b1	high
verdauen	b1	high
verderben	b1	high
verdrängen	b2	medium
verehren	b2	low
verehrt	c1	medium
vereidigt	b2	high
vereinbart	b1	high
vereinigen	b1	high
vereitelt	b2	high
verfallen	b1	high
verfassen	b2	high
verfassungsrechtlich	c1	high
verfassungswidrig	c1	high
verfälscht	b2	high
verführen	b1	low
vergeben	b1	low
vergewissern	b1	high
vergiften	b1	high
vergoldet	b1	low
verhandelbar	b1	low
verharren	b2	low
verheimlichen	b1	high
verhelfen	b2	high
verhungern	b1	high
verifiziert	b2	high
verkackt	b1	medium
verkehren	b1	high
verklagen	b1	high
verkleiden	a2	high
verkleidet	b1	high
verkleinern	b1	high
verknüpfen	b1	low
verkraften	b1	high
verkörpern	b2	high
verkünden	b2	high
verkürzen	b1	high
verlagern	b2	high
verlangsamen	b1	high
verlangsamt	b1	high
verlaufen	b1	high
verleihen	b1	high
verlesen	b2	low
verletzt	a2	high
verletzungsbedingt	b1	low
verleugnen	b1	high
verlogen	b1	high
vermehren	b1	low
vermerken	b2	high
vermessen	b2	low
vermindern	b1	low
vermischen	b1	low
vermutlich	b1	high
vernachlässigen	b1	high
vernetzen	b1	high
verordnet	c1	low
verpflichten	b2	high
verpissen	b1	low
verprügeln	b1	high
verprügelt	b2	low
versaut	b1	low
verschaffen	b1	high
verschenken	a2	high
verschicken	a2	high
verschlafen	a2	high
verschleiern	b2	high
verschließen	b1	high
verschlimmern	b1	high
verschlüsseln	b1	high
verschulden	b2	low
verschweigen	b1	low
verschwenden	b1	high
verschärfen	b1	high
versehen	b2	low
versenden	b1	high
versenken	b1	high
versetzen	b1	low
verseucht	b2	high
versichert	b1	high
versinken	b1	high
versorgen	b1	high
verspüren	b1	high
versteuern	b1	high
verstreut	b1	low
verstummen	b2	high
verstärken	b1	high
verstört	b1	high
verteidigen	a2	high
vertikal	b1	high
vertragen	b1	high
vertraglich	b2	low
vertrauenswürdig	b1	high
vertreiben	b1	low
vertuschen	b1	high
verwachsen	b2	low
verwalten	b1	high
verweigern	b1	high
verweisen	b2	medium
verwendbar	b1	high
verwerfen	b2	high
verwerflich	c1	medium
verwirren	b1	high
verwirrend	b1	high
verwischen	b1	high
verwischt	b1	high
verwunderlich	b1	low
verzögern	b1	high
verächtlich	b1	low
verübeln	b1	low
vielerorts	b2	high
vielfach	b2	medium
vielmals	b1	high
vielseitig	b1	high
vielversprechend	b1	high
viermal	a1	high
vierteln	b1	medium
vierzehn	a1	high
vierzig	a1	high
violett	a1	high
visionär	b1	high
vokal	b2	low
vollenden	b2	high
vollkommen	b1	high
vollständig	b1	high
vollziehen	b2	high
vonnöten	c1	high
voran	b2	low
vorantreiben	b2	high
vorarbeiten	b1	high
voraussagen	b1	low
vorbeifahren	a2	high
vorbeikommen	a2	high
vorbeischauen	a2	high
vorbestraft	b1	low
vorbeugen	b1	high
vorbildlich	b1	low
vorbringen	b1	high
vordringen	b1	low
vorerst	b1	high
vorfahren	a2	low
vorfinden	b1	low
vorgeben	b1	low
vorgegeben	b2	high
vorgeschrieben	b1	high
vorhanden	b1	high
vorhersagen	b1	high
vorhersehbar	b1	low
vorlegen	b2	high
vormachen	b1	high
vormals	c1	high
vormittags	a1	high
vornehm	b2	high
vornehmlich	b2	high
vorrangig	b2	high
vorrätig	b1	high
vorrücken	b2	high
vorschreiben	b2	high
vorsehen	b2	low
vorsorglich	b1	low
vorteilhaft	b1	high
vortäuschen	b1	low
vorweisen	b2	high
vorwerfen	b1	high
vorziehen	b1	high
vorzugsweise	b2	low
vorüber	b1	low
vögeln	b2	medium
wachen	b1	high
wachsam	b1	high
wackeln	a2	high
wacker	c2	low
wahlberechtigt	b1	low
wahllos	b2	high
wahrhaft	c1	low
wahrlich	c2	low
wahrnehmen	b2	high
walzen	b2	medium
wandeln	b2	high
wasserdicht	a2	high
weben	b1	low
wegfahren	a2	high
wegfallen	b1	high
weggehen	a2	high
wegkommen	b1	high
weglassen	b1	low
weglaufen	a2	high
wegnehmen	a2	high
wegschmeißen	a2	high
wegwerfen	a2	high
wegziehen	a2	high
weh	a1	high
wehen	b1	low
wehren	b1	high
wehrlos	b1	low
weichen	b2	low
weiden	b1	low
weihen	b2	low
weiland	c2	high
weitaus	b2	high
weiten	b1	low
weiterempfehlen	b1	low
weiterfahren	a2	high
weitergehen	b1	high
weiterhelfen	a2	high
weiterhin	b1	high
weiterlaufen	b1	low
weiterleiten	b1	high
weitermachen	a2	high
weiß-rot	a1	high
wen	a1	high
werktags	a2	high
westlich	a2	high
widerfahren	c1	low
widerlich	b1	high
widerrufen	b1	low
widerspiegeln	b2	high
widerwillig	b2	high
wiedererkennen	a2	high
wiedergeben	b2	high
wiederkommen	a2	high
wiederum	b2	high
willen	c1	low
willigen	c1	low
willkürlich	b2	high
winden	b2	low
winters	b2	low
wirkungslos	b1	high
wirkungsvoll	b1	high
wirtschaftlich	b1	high
wischen	a2	high
wissentlich	b1	low
wochenlang	a2	high
wofür	a2	high
wogegen	b2	high
wogen	c1	high
wohnhaft	b2	low
woran	b1	high
worauf	b2	low
woraus	b2	high
wovon	a2	high
wovor	b1	low
wund	b1	low
wunderlich	b2	medium
wundervoll	a2	high
wurscht	b1	low
wurst	b1	low
wurzeln	b2	low
wählbar	b1	high
wählerisch	b1	high
währen	c1	high
währenddessen	b1	high
wälzen	b1	low
wöchentlich	a2	high
wörtlich	b1	high
wühlen	b1	medium
wünschenswert	b2	high
würdig	b1	high
würdigen	b2	medium
würgen	b1	high
wüst	b1	low
x-beliebig	b2	low
x-fach	b1	low
zapfen	b1	high
zaubern	a2	high
zehnmal	a1	high
zehnte	a1	high
zeitgleich	b2	high
zeitlebens	b2	high
zeitnah	b2	low
zeitweilig	b1	high
zelebrieren	b2	high
zensiert	b2	low
zerbrechen	b1	high
zerbrochen	a2	high
zerfallen	b2	high
zerkratzt	a2	high
zerlegen	b1	low
zerren	b1	high
zerschlagen	b1	low
zeugen	c1	low
zielführend	b2	high
zielgerichtet	b2	high
zielstrebig	b1	high
zieren	b2	high
zig	b1	low
zimmern	b1	low
zimperlich	b1	high
zimt	b1	low
zirka	b1	high
zittern	b1	high
zivil	b1	high
zollen	c1	high
zornig	b1	low
zuallererst	b1	high
zudem	b2	high
zufügen	b1	low
zugehörig	b2	high
zugespitzt	b2	low
zugewandt	b2	high
zugleich	b1	high
zuhause	a1	high
zulassen	b1	low
zuliebe	b2	high
zulässig	b2	high
zumutbar	b2	low
zumuten	b2	low
zunichte	c1	low
zuordnen	b1	low
zurecht	b2	low
zurzeit	a2	high
zurückbleiben	b1	high
zurückblicken	b1	high
zurückbringen	a2	high
zurückfallen	b1	low
zurückgeben	a2	high
zurückgehen	b1	high
zurückgewinnen	b1	high
zurückkommen	a2	high
zurücklassen	b1	high
zurücklegen	b1	high
zurückschicken	a2	high
zurückzahlen	a2	high
zusammenarbeiten	b1	high
zusammengestellt	b1	low
zusammenhalten	b1	high
zusammenkommen	a2	high
zusammenschließen	b1	high
zusammenstellen	b1	high
zusammentreffen	b1	low
zusammenwirken	b1	high
zuschlagen	b1	low
zuschreiben	b2	high
zusehen	b1	high
zutreffen	b2	high
zuweilen	c1	high
zuweisen	b1	low
zuwider	b2	low
zuzüglich	c1	medium
zwangsläufig	b2	high
zwangsweise	b2	high
zwanziger	a2	high
zwecklos	b1	high
zweifach	a2	low
zweifelhaft	b1	high
zweifelsohne	b2	high
zweihundert	a1	high
zweite	a1	high
zwischendurch	b1	high
zwängen	b1	high
zwölfte	a1	high
zärtlich	b1	high
züchten	b1	high
zügig	b1	low
zünden	b1	high
À-la-carte-Essen	b1	low
À-la-carte-Restaurant	b1	low
Ähnlichkeit	b1	high
Äquivalent	b2	high
Ärger	b1	high
Ärmel	a2	high
Äther	c1	low
Äußere	b1	high
Äußern	b2	low
Äußerste	b1	high
Öde	b2	high
Öffentlichkeitsarbeit	b2	high
Öffnung	b1	high
Öko-Bewegung	b1	high
Ökologie	b1	low
Ökonom	b1	high
Ölgemälde	a2	high
Ölpreis	b1	low
Ü-30-Party	b1	low
Ü-Ei	a2	low
Ü-Wagen	c2	medium
Übel	c1	low
Übelkeit	b1	low
Über-Ich	c2	low
Übereinkommen	b2	high
Übereinkunft	b2	low
Übereinstimmung	b2	high
Überfluss	b2	low
Überführung	b1	low
Übergabe	b2	high
Übergangszeit	b1	low
Übergewicht	b1	high
Überheblichkeit	b2	high
Überlassung	c1	high
Überlastung	b2	high
Überleben	b1	high
Überlebende	b1	high
Überlegung	b1	high
Übermacht	b2	low
Übernahme	b2	high
Überprüfung	b1	high
Überschreitung	b2	high
Überschuss	b2	low
Übersee	b1	high
Übersicht	b1	low
Überstand	c1	low
Überstunden	b1	high
Übertragung	b2	high
Übertreibung	b1	high
Übertritt	b2	high
Überwindung	b2	high
ähneln	b1	high
ärztlich	b1	high
ästhetisch	b1	high
äußern	b1	high
öde	b1	high
öfters	b1	high
öko	b1	high
ökologisch	b1	high
ökonomisch	b2	low
österreichisch	a2	high
österreichisch-ungarisch	b2	low
überarbeiten	b1	high
überaus	b2	low
überbieten	b2	low
überbringen	b1	low
überbrücken	b2	high
überdenken	b2	low
übereinander	b1	medium
übereinkommen	b2	low
überfallen	b1	low
überflüssig	b2	high
überführen	b2	high
überfüllt	b1	high
übergeben	b1	high
übergehen	b2	high
übergewichtig	b1	high
überladen	b1	low
überlastet	b1	high
überlaufen	b1	low
übermäßig	b1	high
überproportional	b2	low
überregional	b2	high
überreichen	b1	low
überschlagen	b1	low
überschätzen	b1	high
übertragbar	b2	high
übertreffen	b1	low
übertreten	b2	high
überwachen	b2	high
überwintern	b1	low
überzogen	b2	medium
üblicherweise	b2	high
üppig	b1	low
